variable,model,ws1,ws2,u,p
direction,GRU_Att_1,2,3,0.0,5.960464477539063e-08
direction,GRU_Att_1,2,4,0.0,5.960464477539063e-08
direction,GRU_Att_1,2,5,0.0,5.960464477539063e-08
direction,GRU_Att_1,2,10,0.0,5.960464477539063e-08
direction,GRU_Att_1,2,20,0.0,5.960464477539063e-08
direction,GRU_Att_1,2,30,0.0,5.960464477539063e-08
direction,GRU_Att_1,3,4,0.0,5.960464477539063e-08
direction,GRU_Att_1,3,5,0.0,5.960464477539063e-08
direction,GRU_Att_1,3,10,0.0,5.960464477539063e-08
direction,GRU_Att_1,3,20,0.0,5.960464477539063e-08
direction,GRU_Att_1,3,30,0.0,5.960464477539063e-08
direction,GRU_Att_1,4,5,0.0,5.960464477539063e-08
direction,GRU_Att_1,4,10,0.0,5.960464477539063e-08
direction,GRU_Att_1,4,20,0.0,5.960464477539063e-08
direction,GRU_Att_1,4,30,0.0,5.960464477539063e-08
direction,GRU_Att_1,5,10,0.0,5.960464477539063e-08
direction,GRU_Att_1,5,20,0.0,5.960464477539063e-08
direction,GRU_Att_1,5,30,0.0,5.960464477539063e-08
direction,GRU_Att_1,10,20,0.0,5.960464477539063e-08
direction,GRU_Att_1,10,30,0.0,5.960464477539063e-08
direction,GRU_Att_1,20,30,0.0,5.960464477539063e-08
direction,GRU_Att_2,2,3,0.0,5.960464477539063e-08
direction,GRU_Att_2,2,4,0.0,5.960464477539063e-08
direction,GRU_Att_2,2,5,0.0,5.960464477539063e-08
direction,GRU_Att_2,2,10,0.0,5.960464477539063e-08
direction,GRU_Att_2,2,20,0.0,5.960464477539063e-08
direction,GRU_Att_2,2,30,0.0,5.960464477539063e-08
direction,GRU_Att_2,3,4,0.0,5.960464477539063e-08
direction,GRU_Att_2,3,5,0.0,5.960464477539063e-08
direction,GRU_Att_2,3,10,0.0,5.960464477539063e-08
direction,GRU_Att_2,3,20,0.0,5.960464477539063e-08
direction,GRU_Att_2,3,30,0.0,5.960464477539063e-08
direction,GRU_Att_2,4,5,0.0,5.960464477539063e-08
direction,GRU_Att_2,4,10,0.0,5.960464477539063e-08
direction,GRU_Att_2,4,20,0.0,5.960464477539063e-08
direction,GRU_Att_2,4,30,0.0,5.960464477539063e-08
direction,GRU_Att_2,5,10,0.0,5.960464477539063e-08
direction,GRU_Att_2,5,20,0.0,5.960464477539063e-08
direction,GRU_Att_2,5,30,0.0,5.960464477539063e-08
direction,GRU_Att_2,10,20,0.0,5.960464477539063e-08
direction,GRU_Att_2,10,30,0.0,5.960464477539063e-08
direction,GRU_Att_2,20,30,0.0,5.960464477539063e-08
direction,GRU_Att_3,2,3,1.0,1.1920928955078125e-07
direction,GRU_Att_3,2,4,0.0,5.960464477539063e-08
direction,GRU_Att_3,2,5,0.0,5.960464477539063e-08
direction,GRU_Att_3,2,10,0.0,5.960464477539063e-08
direction,GRU_Att_3,2,20,0.0,5.960464477539063e-08
direction,GRU_Att_3,2,30,0.0,5.960464477539063e-08
direction,GRU_Att_3,3,4,0.0,5.960464477539063e-08
direction,GRU_Att_3,3,5,0.0,5.960464477539063e-08
direction,GRU_Att_3,3,10,0.0,5.960464477539063e-08
direction,GRU_Att_3,3,20,0.0,5.960464477539063e-08
direction,GRU_Att_3,3,30,0.0,5.960464477539063e-08
direction,GRU_Att_3,4,5,0.0,5.960464477539063e-08
direction,GRU_Att_3,4,10,0.0,5.960464477539063e-08
direction,GRU_Att_3,4,20,0.0,5.960464477539063e-08
direction,GRU_Att_3,4,30,0.0,5.960464477539063e-08
direction,GRU_Att_3,5,10,0.0,5.960464477539063e-08
direction,GRU_Att_3,5,20,0.0,5.960464477539063e-08
direction,GRU_Att_3,5,30,0.0,5.960464477539063e-08
direction,GRU_Att_3,10,20,0.0,5.960464477539063e-08
direction,GRU_Att_3,10,30,0.0,5.960464477539063e-08
direction,GRU_Att_3,20,30,0.0,5.960464477539063e-08
direction,GRU_Att_4,2,3,0.0,5.960464477539063e-08
direction,GRU_Att_4,2,4,0.0,5.960464477539063e-08
direction,GRU_Att_4,2,5,0.0,5.960464477539063e-08
direction,GRU_Att_4,2,10,0.0,5.960464477539063e-08
direction,GRU_Att_4,2,20,0.0,5.960464477539063e-08
direction,GRU_Att_4,2,30,0.0,5.960464477539063e-08
direction,GRU_Att_4,3,4,0.0,5.960464477539063e-08
direction,GRU_Att_4,3,5,0.0,5.960464477539063e-08
direction,GRU_Att_4,3,10,0.0,5.960464477539063e-08
direction,GRU_Att_4,3,20,0.0,5.960464477539063e-08
direction,GRU_Att_4,3,30,0.0,5.960464477539063e-08
direction,GRU_Att_4,4,5,0.0,5.960464477539063e-08
direction,GRU_Att_4,4,10,0.0,5.960464477539063e-08
direction,GRU_Att_4,4,20,0.0,5.960464477539063e-08
direction,GRU_Att_4,4,30,0.0,5.960464477539063e-08
direction,GRU_Att_4,5,10,0.0,5.960464477539063e-08
direction,GRU_Att_4,5,20,0.0,5.960464477539063e-08
direction,GRU_Att_4,5,30,0.0,5.960464477539063e-08
direction,GRU_Att_4,10,20,0.0,5.960464477539063e-08
direction,GRU_Att_4,10,30,0.0,5.960464477539063e-08
direction,GRU_Att_4,20,30,0.0,5.960464477539063e-08
direction,GRU_Linear,2,3,0.0,5.960464477539063e-08
direction,GRU_Linear,2,4,0.0,5.960464477539063e-08
direction,GRU_Linear,2,5,0.0,5.960464477539063e-08
direction,GRU_Linear,2,10,0.0,5.960464477539063e-08
direction,GRU_Linear,2,20,0.0,5.960464477539063e-08
direction,GRU_Linear,2,30,0.0,5.960464477539063e-08
direction,GRU_Linear,3,4,5.0,5.960464477539062e-07
direction,GRU_Linear,3,5,0.0,5.960464477539063e-08
direction,GRU_Linear,3,10,0.0,5.960464477539063e-08
direction,GRU_Linear,3,20,0.0,5.960464477539063e-08
direction,GRU_Linear,3,30,0.0,5.960464477539063e-08
direction,GRU_Linear,4,5,0.0,5.960464477539063e-08
direction,GRU_Linear,4,10,0.0,5.960464477539063e-08
direction,GRU_Linear,4,20,0.0,5.960464477539063e-08
direction,GRU_Linear,4,30,0.0,5.960464477539063e-08
direction,GRU_Linear,5,10,0.0,5.960464477539063e-08
direction,GRU_Linear,5,20,0.0,5.960464477539063e-08
direction,GRU_Linear,5,30,0.0,5.960464477539063e-08
direction,GRU_Linear,10,20,0.0,5.960464477539063e-08
direction,GRU_Linear,10,30,0.0,5.960464477539063e-08
direction,GRU_Linear,20,30,0.0,5.960464477539063e-08
direction,GRU_Reference,2,3,0.0,5.960464477539063e-08
direction,GRU_Reference,2,4,0.0,5.960464477539063e-08
direction,GRU_Reference,2,5,0.0,5.960464477539063e-08
direction,GRU_Reference,2,10,0.0,5.960464477539063e-08
direction,GRU_Reference,2,20,0.0,5.960464477539063e-08
direction,GRU_Reference,2,30,0.0,5.960464477539063e-08
direction,GRU_Reference,3,4,0.0,5.960464477539063e-08
direction,GRU_Reference,3,5,0.0,5.960464477539063e-08
direction,GRU_Reference,3,10,0.0,5.960464477539063e-08
direction,GRU_Reference,3,20,0.0,5.960464477539063e-08
direction,GRU_Reference,3,30,0.0,5.960464477539063e-08
direction,GRU_Reference,4,5,0.0,5.960464477539063e-08
direction,GRU_Reference,4,10,0.0,5.960464477539063e-08
direction,GRU_Reference,4,20,0.0,5.960464477539063e-08
direction,GRU_Reference,4,30,0.0,5.960464477539063e-08
direction,GRU_Reference,5,10,0.0,5.960464477539063e-08
direction,GRU_Reference,5,20,0.0,5.960464477539063e-08
direction,GRU_Reference,5,30,0.0,5.960464477539063e-08
direction,GRU_Reference,10,20,0.0,5.960464477539063e-08
direction,GRU_Reference,10,30,0.0,5.960464477539063e-08
direction,GRU_Reference,20,30,0.0,5.960464477539063e-08
direction,GRU_Third,2,3,0.0,5.960464477539063e-08
direction,GRU_Third,2,4,0.0,5.960464477539063e-08
direction,GRU_Third,2,5,0.0,5.960464477539063e-08
direction,GRU_Third,2,10,0.0,5.960464477539063e-08
direction,GRU_Third,2,20,0.0,5.960464477539063e-08
direction,GRU_Third,2,30,0.0,5.960464477539063e-08
direction,GRU_Third,3,4,0.0,5.960464477539063e-08
direction,GRU_Third,3,5,0.0,5.960464477539063e-08
direction,GRU_Third,3,10,0.0,5.960464477539063e-08
direction,GRU_Third,3,20,0.0,5.960464477539063e-08
direction,GRU_Third,3,30,0.0,5.960464477539063e-08
direction,GRU_Third,4,5,0.0,5.960464477539063e-08
direction,GRU_Third,4,10,0.0,5.960464477539063e-08
direction,GRU_Third,4,20,0.0,5.960464477539063e-08
direction,GRU_Third,4,30,0.0,5.960464477539063e-08
direction,GRU_Third,5,10,0.0,5.960464477539063e-08
direction,GRU_Third,5,20,0.0,5.960464477539063e-08
direction,GRU_Third,5,30,0.0,5.960464477539063e-08
direction,GRU_Third,10,20,0.0,5.960464477539063e-08
direction,GRU_Third,10,30,0.0,5.960464477539063e-08
direction,GRU_Third,20,30,0.0,5.960464477539063e-08
direction,GRU_Twice,2,3,0.0,5.960464477539063e-08
direction,GRU_Twice,2,4,0.0,5.960464477539063e-08
direction,GRU_Twice,2,5,0.0,5.960464477539063e-08
direction,GRU_Twice,2,10,0.0,5.960464477539063e-08
direction,GRU_Twice,2,20,0.0,5.960464477539063e-08
direction,GRU_Twice,2,30,0.0,5.960464477539063e-08
direction,GRU_Twice,3,4,0.0,5.960464477539063e-08
direction,GRU_Twice,3,5,0.0,5.960464477539063e-08
direction,GRU_Twice,3,10,0.0,5.960464477539063e-08
direction,GRU_Twice,3,20,0.0,5.960464477539063e-08
direction,GRU_Twice,3,30,0.0,5.960464477539063e-08
direction,GRU_Twice,4,5,0.0,5.960464477539063e-08
direction,GRU_Twice,4,10,0.0,5.960464477539063e-08
direction,GRU_Twice,4,20,0.0,5.960464477539063e-08
direction,GRU_Twice,4,30,0.0,5.960464477539063e-08
direction,GRU_Twice,5,10,0.0,5.960464477539063e-08
direction,GRU_Twice,5,20,0.0,5.960464477539063e-08
direction,GRU_Twice,5,30,0.0,5.960464477539063e-08
direction,GRU_Twice,10,20,0.0,5.960464477539063e-08
direction,GRU_Twice,10,30,0.0,5.960464477539063e-08
direction,GRU_Twice,20,30,0.0,5.960464477539063e-08
direction,LSTM_Linear,2,3,0.0,5.960464477539063e-08
direction,LSTM_Linear,2,4,0.0,5.960464477539063e-08
direction,LSTM_Linear,2,5,0.0,5.960464477539063e-08
direction,LSTM_Linear,2,10,0.0,5.960464477539063e-08
direction,LSTM_Linear,2,20,0.0,5.960464477539063e-08
direction,LSTM_Linear,2,30,0.0,5.960464477539063e-08
direction,LSTM_Linear,3,4,0.0,5.960464477539063e-08
direction,LSTM_Linear,3,5,0.0,5.960464477539063e-08
direction,LSTM_Linear,3,10,0.0,5.960464477539063e-08
direction,LSTM_Linear,3,20,0.0,5.960464477539063e-08
direction,LSTM_Linear,3,30,0.0,5.960464477539063e-08
direction,LSTM_Linear,4,5,25.0,5.3882598876953125e-05
direction,LSTM_Linear,4,10,25.0,5.3882598876953125e-05
direction,LSTM_Linear,4,20,1.0,1.1920928955078125e-07
direction,LSTM_Linear,4,30,1.0,1.1920928955078125e-07
direction,LSTM_Linear,5,10,0.0,5.960464477539063e-08
direction,LSTM_Linear,5,20,0.0,5.960464477539063e-08
direction,LSTM_Linear,5,30,0.0,5.960464477539063e-08
direction,LSTM_Linear,10,20,0.0,5.960464477539063e-08
direction,LSTM_Linear,10,30,0.0,5.960464477539063e-08
direction,LSTM_Linear,20,30,0.0,5.960464477539063e-08
direction,LSTM_Reference,2,3,0.0,5.960464477539063e-08
direction,LSTM_Reference,2,4,0.0,5.960464477539063e-08
direction,LSTM_Reference,2,5,0.0,5.960464477539063e-08
direction,LSTM_Reference,2,10,0.0,5.960464477539063e-08
direction,LSTM_Reference,2,20,0.0,5.960464477539063e-08
direction,LSTM_Reference,2,30,0.0,5.960464477539063e-08
direction,LSTM_Reference,3,4,0.0,5.960464477539063e-08
direction,LSTM_Reference,3,5,0.0,5.960464477539063e-08
direction,LSTM_Reference,3,10,0.0,5.960464477539063e-08
direction,LSTM_Reference,3,20,0.0,5.960464477539063e-08
direction,LSTM_Reference,3,30,0.0,5.960464477539063e-08
direction,LSTM_Reference,4,5,0.0,5.960464477539063e-08
direction,LSTM_Reference,4,10,0.0,5.960464477539063e-08
direction,LSTM_Reference,4,20,0.0,5.960464477539063e-08
direction,LSTM_Reference,4,30,0.0,5.960464477539063e-08
direction,LSTM_Reference,5,10,0.0,5.960464477539063e-08
direction,LSTM_Reference,5,20,0.0,5.960464477539063e-08
direction,LSTM_Reference,5,30,0.0,5.960464477539063e-08
direction,LSTM_Reference,10,20,0.0,5.960464477539063e-08
direction,LSTM_Reference,10,30,0.0,5.960464477539063e-08
direction,LSTM_Reference,20,30,0.0,5.960464477539063e-08
direction,LSTM_Third,2,3,0.0,5.960464477539063e-08
direction,LSTM_Third,2,4,0.0,5.960464477539063e-08
direction,LSTM_Third,2,5,0.0,5.960464477539063e-08
direction,LSTM_Third,2,10,0.0,5.960464477539063e-08
direction,LSTM_Third,2,20,0.0,5.960464477539063e-08
direction,LSTM_Third,2,30,0.0,5.960464477539063e-08
direction,LSTM_Third,3,4,0.0,5.960464477539063e-08
direction,LSTM_Third,3,5,0.0,5.960464477539063e-08
direction,LSTM_Third,3,10,0.0,5.960464477539063e-08
direction,LSTM_Third,3,20,0.0,5.960464477539063e-08
direction,LSTM_Third,3,30,0.0,5.960464477539063e-08
direction,LSTM_Third,4,5,0.0,5.960464477539063e-08
direction,LSTM_Third,4,10,0.0,5.960464477539063e-08
direction,LSTM_Third,4,20,0.0,5.960464477539063e-08
direction,LSTM_Third,4,30,0.0,5.960464477539063e-08
direction,LSTM_Third,5,10,0.0,5.960464477539063e-08
direction,LSTM_Third,5,20,0.0,5.960464477539063e-08
direction,LSTM_Third,5,30,0.0,5.960464477539063e-08
direction,LSTM_Third,10,20,0.0,5.960464477539063e-08
direction,LSTM_Third,10,30,0.0,5.960464477539063e-08
direction,LSTM_Third,20,30,0.0,5.960464477539063e-08
direction,LSTM_Twice,2,3,0.0,5.960464477539063e-08
direction,LSTM_Twice,2,4,0.0,5.960464477539063e-08
direction,LSTM_Twice,2,5,0.0,5.960464477539063e-08
direction,LSTM_Twice,2,10,0.0,5.960464477539063e-08
direction,LSTM_Twice,2,20,0.0,5.960464477539063e-08
direction,LSTM_Twice,2,30,0.0,5.960464477539063e-08
direction,LSTM_Twice,3,4,0.0,5.960464477539063e-08
direction,LSTM_Twice,3,5,0.0,5.960464477539063e-08
direction,LSTM_Twice,3,10,0.0,5.960464477539063e-08
direction,LSTM_Twice,3,20,0.0,5.960464477539063e-08
direction,LSTM_Twice,3,30,0.0,5.960464477539063e-08
direction,LSTM_Twice,4,5,0.0,5.960464477539063e-08
direction,LSTM_Twice,4,10,0.0,5.960464477539063e-08
direction,LSTM_Twice,4,20,0.0,5.960464477539063e-08
direction,LSTM_Twice,4,30,0.0,5.960464477539063e-08
direction,LSTM_Twice,5,10,0.0,5.960464477539063e-08
direction,LSTM_Twice,5,20,0.0,5.960464477539063e-08
direction,LSTM_Twice,5,30,0.0,5.960464477539063e-08
direction,LSTM_Twice,10,20,0.0,5.960464477539063e-08
direction,LSTM_Twice,10,30,0.0,5.960464477539063e-08
direction,LSTM_Twice,20,30,0.0,5.960464477539063e-08
direction,RNN_Linear,2,3,0.0,5.960464477539063e-08
direction,RNN_Linear,2,4,0.0,5.960464477539063e-08
direction,RNN_Linear,2,5,0.0,5.960464477539063e-08
direction,RNN_Linear,2,10,0.0,5.960464477539063e-08
direction,RNN_Linear,2,20,0.0,5.960464477539063e-08
direction,RNN_Linear,2,30,0.0,5.960464477539063e-08
direction,RNN_Linear,3,4,0.0,5.960464477539063e-08
direction,RNN_Linear,3,5,0.0,5.960464477539063e-08
direction,RNN_Linear,3,10,0.0,5.960464477539063e-08
direction,RNN_Linear,3,20,0.0,5.960464477539063e-08
direction,RNN_Linear,3,30,0.0,5.960464477539063e-08
direction,RNN_Linear,4,5,0.0,5.960464477539063e-08
direction,RNN_Linear,4,10,0.0,5.960464477539063e-08
direction,RNN_Linear,4,20,0.0,5.960464477539063e-08
direction,RNN_Linear,4,30,0.0,5.960464477539063e-08
direction,RNN_Linear,5,10,0.0,5.960464477539063e-08
direction,RNN_Linear,5,20,0.0,5.960464477539063e-08
direction,RNN_Linear,5,30,0.0,5.960464477539063e-08
direction,RNN_Linear,10,20,0.0,5.960464477539063e-08
direction,RNN_Linear,10,30,0.0,5.960464477539063e-08
direction,RNN_Linear,20,30,0.0,5.960464477539063e-08
direction,RNN_Reference,2,3,0.0,5.960464477539063e-08
direction,RNN_Reference,2,4,0.0,5.960464477539063e-08
direction,RNN_Reference,2,5,0.0,5.960464477539063e-08
direction,RNN_Reference,2,10,0.0,5.960464477539063e-08
direction,RNN_Reference,2,20,0.0,5.960464477539063e-08
direction,RNN_Reference,2,30,0.0,5.960464477539063e-08
direction,RNN_Reference,3,4,0.0,5.960464477539063e-08
direction,RNN_Reference,3,5,0.0,5.960464477539063e-08
direction,RNN_Reference,3,10,0.0,5.960464477539063e-08
direction,RNN_Reference,3,20,0.0,5.960464477539063e-08
direction,RNN_Reference,3,30,0.0,5.960464477539063e-08
direction,RNN_Reference,4,5,0.0,5.960464477539063e-08
direction,RNN_Reference,4,10,0.0,5.960464477539063e-08
direction,RNN_Reference,4,20,0.0,5.960464477539063e-08
direction,RNN_Reference,4,30,0.0,5.960464477539063e-08
direction,RNN_Reference,5,10,0.0,5.960464477539063e-08
direction,RNN_Reference,5,20,0.0,5.960464477539063e-08
direction,RNN_Reference,5,30,0.0,5.960464477539063e-08
direction,RNN_Reference,10,20,0.0,5.960464477539063e-08
direction,RNN_Reference,10,30,0.0,5.960464477539063e-08
direction,RNN_Reference,20,30,0.0,5.960464477539063e-08
direction,RNN_Third,2,3,0.0,5.960464477539063e-08
direction,RNN_Third,2,4,0.0,5.960464477539063e-08
direction,RNN_Third,2,5,0.0,5.960464477539063e-08
direction,RNN_Third,2,10,0.0,5.960464477539063e-08
direction,RNN_Third,2,20,0.0,5.960464477539063e-08
direction,RNN_Third,2,30,0.0,5.960464477539063e-08
direction,RNN_Third,3,4,0.0,5.960464477539063e-08
direction,RNN_Third,3,5,0.0,5.960464477539063e-08
direction,RNN_Third,3,10,0.0,5.960464477539063e-08
direction,RNN_Third,3,20,0.0,5.960464477539063e-08
direction,RNN_Third,3,30,0.0,5.960464477539063e-08
direction,RNN_Third,4,5,0.0,5.960464477539063e-08
direction,RNN_Third,4,10,0.0,5.960464477539063e-08
direction,RNN_Third,4,20,0.0,5.960464477539063e-08
direction,RNN_Third,4,30,0.0,5.960464477539063e-08
direction,RNN_Third,5,10,0.0,5.960464477539063e-08
direction,RNN_Third,5,20,0.0,5.960464477539063e-08
direction,RNN_Third,5,30,0.0,5.960464477539063e-08
direction,RNN_Third,10,20,0.0,5.960464477539063e-08
direction,RNN_Third,10,30,0.0,5.960464477539063e-08
direction,RNN_Third,20,30,0.0,5.960464477539063e-08
direction,RNN_Twice,2,3,0.0,5.960464477539063e-08
direction,RNN_Twice,2,4,0.0,5.960464477539063e-08
direction,RNN_Twice,2,5,0.0,5.960464477539063e-08
direction,RNN_Twice,2,10,0.0,5.960464477539063e-08
direction,RNN_Twice,2,20,0.0,5.960464477539063e-08
direction,RNN_Twice,2,30,0.0,5.960464477539063e-08
direction,RNN_Twice,3,4,0.0,5.960464477539063e-08
direction,RNN_Twice,3,5,0.0,5.960464477539063e-08
direction,RNN_Twice,3,10,0.0,5.960464477539063e-08
direction,RNN_Twice,3,20,0.0,5.960464477539063e-08
direction,RNN_Twice,3,30,0.0,5.960464477539063e-08
direction,RNN_Twice,4,5,0.0,5.960464477539063e-08
direction,RNN_Twice,4,10,0.0,5.960464477539063e-08
direction,RNN_Twice,4,20,0.0,5.960464477539063e-08
direction,RNN_Twice,4,30,0.0,5.960464477539063e-08
direction,RNN_Twice,5,10,0.0,5.960464477539063e-08
direction,RNN_Twice,5,20,0.0,5.960464477539063e-08
direction,RNN_Twice,5,30,0.0,5.960464477539063e-08
direction,RNN_Twice,10,20,0.0,5.960464477539063e-08
direction,RNN_Twice,10,30,0.0,5.960464477539063e-08
direction,RNN_Twice,20,30,0.0,5.960464477539063e-08
direction,UniTS,2,3,0.0,5.960464477539063e-08
direction,UniTS,2,4,0.0,5.960464477539063e-08
direction,UniTS,2,5,0.0,5.960464477539063e-08
direction,UniTS,2,10,0.0,5.960464477539063e-08
direction,UniTS,2,20,0.0,5.960464477539063e-08
direction,UniTS,2,30,0.0,5.960464477539063e-08
direction,UniTS,3,4,0.0,5.960464477539063e-08
direction,UniTS,3,5,0.0,5.960464477539063e-08
direction,UniTS,3,10,0.0,5.960464477539063e-08
direction,UniTS,3,20,0.0,5.960464477539063e-08
direction,UniTS,3,30,0.0,5.960464477539063e-08
direction,UniTS,4,5,0.0,5.960464477539063e-08
direction,UniTS,4,10,0.0,5.960464477539063e-08
direction,UniTS,4,20,0.0,5.960464477539063e-08
direction,UniTS,4,30,0.0,5.960464477539063e-08
direction,UniTS,5,10,0.0,5.960464477539063e-08
direction,UniTS,5,20,0.0,5.960464477539063e-08
direction,UniTS,5,30,0.0,5.960464477539063e-08
direction,UniTS,10,20,0.0,5.960464477539063e-08
direction,UniTS,10,30,0.0,5.960464477539063e-08
direction,UniTS,20,30,0.0,5.960464477539063e-08
latitude_no_abs,GRU_Att_1,2,3,0.0,5.960464477539063e-08
latitude_no_abs,GRU_Att_1,2,4,0.0,5.960464477539063e-08
latitude_no_abs,GRU_Att_1,2,5,0.0,5.960464477539063e-08
latitude_no_abs,GRU_Att_1,2,10,0.0,5.960464477539063e-08
latitude_no_abs,GRU_Att_1,2,20,0.0,5.960464477539063e-08
latitude_no_abs,GRU_Att_1,2,30,0.0,5.960464477539063e-08
latitude_no_abs,GRU_Att_1,3,4,0.0,5.960464477539063e-08
latitude_no_abs,GRU_Att_1,3,5,0.0,5.960464477539063e-08
latitude_no_abs,GRU_Att_1,3,10,0.0,5.960464477539063e-08
latitude_no_abs,GRU_Att_1,3,20,0.0,5.960464477539063e-08
latitude_no_abs,GRU_Att_1,3,30,0.0,5.960464477539063e-08
latitude_no_abs,GRU_Att_1,4,5,0.0,5.960464477539063e-08
latitude_no_abs,GRU_Att_1,4,10,0.0,5.960464477539063e-08
latitude_no_abs,GRU_Att_1,4,20,0.0,5.960464477539063e-08
latitude_no_abs,GRU_Att_1,4,30,0.0,5.960464477539063e-08
latitude_no_abs,GRU_Att_1,5,10,0.0,5.960464477539063e-08
latitude_no_abs,GRU_Att_1,5,20,0.0,5.960464477539063e-08
latitude_no_abs,GRU_Att_1,5,30,0.0,5.960464477539063e-08
latitude_no_abs,GRU_Att_1,10,20,0.0,5.960464477539063e-08
latitude_no_abs,GRU_Att_1,10,30,0.0,5.960464477539063e-08
latitude_no_abs,GRU_Att_1,20,30,0.0,5.960464477539063e-08
latitude_no_abs,GRU_Att_2,2,3,0.0,5.960464477539063e-08
latitude_no_abs,GRU_Att_2,2,4,0.0,5.960464477539063e-08
latitude_no_abs,GRU_Att_2,2,5,0.0,5.960464477539063e-08
latitude_no_abs,GRU_Att_2,2,10,0.0,5.960464477539063e-08
latitude_no_abs,GRU_Att_2,2,20,0.0,5.960464477539063e-08
latitude_no_abs,GRU_Att_2,2,30,0.0,5.960464477539063e-08
latitude_no_abs,GRU_Att_2,3,4,34.0,0.00021690130233764648
latitude_no_abs,GRU_Att_2,3,5,0.0,5.960464477539063e-08
latitude_no_abs,GRU_Att_2,3,10,0.0,5.960464477539063e-08
latitude_no_abs,GRU_Att_2,3,20,0.0,5.960464477539063e-08
latitude_no_abs,GRU_Att_2,3,30,0.0,5.960464477539063e-08
latitude_no_abs,GRU_Att_2,4,5,5.0,5.960464477539062e-07
latitude_no_abs,GRU_Att_2,4,10,0.0,5.960464477539063e-08
latitude_no_abs,GRU_Att_2,4,20,0.0,5.960464477539063e-08
latitude_no_abs,GRU_Att_2,4,30,0.0,5.960464477539063e-08
latitude_no_abs,GRU_Att_2,5,10,0.0,5.960464477539063e-08
latitude_no_abs,GRU_Att_2,5,20,0.0,5.960464477539063e-08
latitude_no_abs,GRU_Att_2,5,30,0.0,5.960464477539063e-08
latitude_no_abs,GRU_Att_2,10,20,0.0,5.960464477539063e-08
latitude_no_abs,GRU_Att_2,10,30,0.0,5.960464477539063e-08
latitude_no_abs,GRU_Att_2,20,30,0.0,5.960464477539063e-08
latitude_no_abs,GRU_Att_3,2,3,0.0,5.960464477539063e-08
latitude_no_abs,GRU_Att_3,2,4,0.0,5.960464477539063e-08
latitude_no_abs,GRU_Att_3,2,5,0.0,5.960464477539063e-08
latitude_no_abs,GRU_Att_3,2,10,0.0,5.960464477539063e-08
latitude_no_abs,GRU_Att_3,2,20,0.0,5.960464477539063e-08
latitude_no_abs,GRU_Att_3,2,30,0.0,5.960464477539063e-08
latitude_no_abs,GRU_Att_3,3,4,0.0,5.960464477539063e-08
latitude_no_abs,GRU_Att_3,3,5,0.0,5.960464477539063e-08
latitude_no_abs,GRU_Att_3,3,10,0.0,5.960464477539063e-08
latitude_no_abs,GRU_Att_3,3,20,0.0,5.960464477539063e-08
latitude_no_abs,GRU_Att_3,3,30,0.0,5.960464477539063e-08
latitude_no_abs,GRU_Att_3,4,5,0.0,5.960464477539063e-08
latitude_no_abs,GRU_Att_3,4,10,0.0,5.960464477539063e-08
latitude_no_abs,GRU_Att_3,4,20,0.0,5.960464477539063e-08
latitude_no_abs,GRU_Att_3,4,30,0.0,5.960464477539063e-08
latitude_no_abs,GRU_Att_3,5,10,0.0,5.960464477539063e-08
latitude_no_abs,GRU_Att_3,5,20,0.0,5.960464477539063e-08
latitude_no_abs,GRU_Att_3,5,30,0.0,5.960464477539063e-08
latitude_no_abs,GRU_Att_3,10,20,1.0,1.1920928955078125e-07
latitude_no_abs,GRU_Att_3,10,30,0.0,5.960464477539063e-08
latitude_no_abs,GRU_Att_3,20,30,0.0,5.960464477539063e-08
latitude_no_abs,GRU_Att_4,2,3,0.0,5.960464477539063e-08
latitude_no_abs,GRU_Att_4,2,4,0.0,5.960464477539063e-08
latitude_no_abs,GRU_Att_4,2,5,0.0,5.960464477539063e-08
latitude_no_abs,GRU_Att_4,2,10,0.0,5.960464477539063e-08
latitude_no_abs,GRU_Att_4,2,20,0.0,5.960464477539063e-08
latitude_no_abs,GRU_Att_4,2,30,0.0,5.960464477539063e-08
latitude_no_abs,GRU_Att_4,3,4,0.0,5.960464477539063e-08
latitude_no_abs,GRU_Att_4,3,5,0.0,5.960464477539063e-08
latitude_no_abs,GRU_Att_4,3,10,0.0,5.960464477539063e-08
latitude_no_abs,GRU_Att_4,3,20,0.0,5.960464477539063e-08
latitude_no_abs,GRU_Att_4,3,30,0.0,5.960464477539063e-08
latitude_no_abs,GRU_Att_4,4,5,0.0,5.960464477539063e-08
latitude_no_abs,GRU_Att_4,4,10,0.0,5.960464477539063e-08
latitude_no_abs,GRU_Att_4,4,20,0.0,5.960464477539063e-08
latitude_no_abs,GRU_Att_4,4,30,0.0,5.960464477539063e-08
latitude_no_abs,GRU_Att_4,5,10,0.0,5.960464477539063e-08
latitude_no_abs,GRU_Att_4,5,20,0.0,5.960464477539063e-08
latitude_no_abs,GRU_Att_4,5,30,0.0,5.960464477539063e-08
latitude_no_abs,GRU_Att_4,10,20,0.0,5.960464477539063e-08
latitude_no_abs,GRU_Att_4,10,30,0.0,5.960464477539063e-08
latitude_no_abs,GRU_Att_4,20,30,0.0,5.960464477539063e-08
latitude_no_abs,GRU_Linear,2,3,25.0,5.3882598876953125e-05
latitude_no_abs,GRU_Linear,2,4,2.0,1.7881393432617188e-07
latitude_no_abs,GRU_Linear,2,5,0.0,5.960464477539063e-08
latitude_no_abs,GRU_Linear,2,10,0.0,5.960464477539063e-08
latitude_no_abs,GRU_Linear,2,20,0.0,5.960464477539063e-08
latitude_no_abs,GRU_Linear,2,30,0.0,5.960464477539063e-08
latitude_no_abs,GRU_Linear,3,4,41.0,0.0005564093589782715
latitude_no_abs,GRU_Linear,3,5,24.0,4.5418739318847656e-05
latitude_no_abs,GRU_Linear,3,10,1.0,1.1920928955078125e-07
latitude_no_abs,GRU_Linear,3,20,0.0,5.960464477539063e-08
latitude_no_abs,GRU_Linear,3,30,0.0,5.960464477539063e-08
latitude_no_abs,GRU_Linear,4,5,27.0,7.49826431274414e-05
latitude_no_abs,GRU_Linear,4,10,0.0,5.960464477539063e-08
latitude_no_abs,GRU_Linear,4,20,0.0,5.960464477539063e-08
latitude_no_abs,GRU_Linear,4,30,0.0,5.960464477539063e-08
latitude_no_abs,GRU_Linear,5,10,0.0,5.960464477539063e-08
latitude_no_abs,GRU_Linear,5,20,0.0,5.960464477539063e-08
latitude_no_abs,GRU_Linear,5,30,0.0,5.960464477539063e-08
latitude_no_abs,GRU_Linear,10,20,0.0,5.960464477539063e-08
latitude_no_abs,GRU_Linear,10,30,0.0,5.960464477539063e-08
latitude_no_abs,GRU_Linear,20,30,0.0,5.960464477539063e-08
latitude_no_abs,GRU_Reference,2,3,14.0,6.556510925292969e-06
latitude_no_abs,GRU_Reference,2,4,1.0,1.1920928955078125e-07
latitude_no_abs,GRU_Reference,2,5,0.0,5.960464477539063e-08
latitude_no_abs,GRU_Reference,2,10,0.0,5.960464477539063e-08
latitude_no_abs,GRU_Reference,2,20,0.0,5.960464477539063e-08
latitude_no_abs,GRU_Reference,2,30,0.0,5.960464477539063e-08
latitude_no_abs,GRU_Reference,3,4,46.0,0.0010271072387695312
latitude_no_abs,GRU_Reference,3,5,1.0,1.1920928955078125e-07
latitude_no_abs,GRU_Reference,3,10,0.0,5.960464477539063e-08
latitude_no_abs,GRU_Reference,3,20,0.0,5.960464477539063e-08
latitude_no_abs,GRU_Reference,3,30,0.0,5.960464477539063e-08
latitude_no_abs,GRU_Reference,4,5,56.0,0.0030878782272338867
latitude_no_abs,GRU_Reference,4,10,0.0,5.960464477539063e-08
latitude_no_abs,GRU_Reference,4,20,0.0,5.960464477539063e-08
latitude_no_abs,GRU_Reference,4,30,0.0,5.960464477539063e-08
latitude_no_abs,GRU_Reference,5,10,1.0,1.1920928955078125e-07
latitude_no_abs,GRU_Reference,5,20,0.0,5.960464477539063e-08
latitude_no_abs,GRU_Reference,5,30,0.0,5.960464477539063e-08
latitude_no_abs,GRU_Reference,10,20,0.0,5.960464477539063e-08
latitude_no_abs,GRU_Reference,10,30,0.0,5.960464477539063e-08
latitude_no_abs,GRU_Reference,20,30,0.0,5.960464477539063e-08
latitude_no_abs,GRU_Third,2,3,44.0,0.0008081197738647461
latitude_no_abs,GRU_Third,2,4,14.0,6.556510925292969e-06
latitude_no_abs,GRU_Third,2,5,4.0,4.172325134277344e-07
latitude_no_abs,GRU_Third,2,10,0.0,5.960464477539063e-08
latitude_no_abs,GRU_Third,2,20,0.0,5.960464477539063e-08
latitude_no_abs,GRU_Third,2,30,0.0,5.960464477539063e-08
latitude_no_abs,GRU_Third,3,4,26.0,6.365776062011719e-05
latitude_no_abs,GRU_Third,3,5,22.0,3.1948089599609375e-05
latitude_no_abs,GRU_Third,3,10,0.0,5.960464477539063e-08
latitude_no_abs,GRU_Third,3,20,0.0,5.960464477539063e-08
latitude_no_abs,GRU_Third,3,30,0.0,5.960464477539063e-08
latitude_no_abs,GRU_Third,4,5,97.0,0.0801958441734314
latitude_no_abs,GRU_Third,4,10,1.0,1.1920928955078125e-07
latitude_no_abs,GRU_Third,4,20,0.0,5.960464477539063e-08
latitude_no_abs,GRU_Third,4,30,0.0,5.960464477539063e-08
latitude_no_abs,GRU_Third,5,10,1.0,1.1920928955078125e-07
latitude_no_abs,GRU_Third,5,20,0.0,5.960464477539063e-08
latitude_no_abs,GRU_Third,5,30,0.0,5.960464477539063e-08
latitude_no_abs,GRU_Third,10,20,0.0,5.960464477539063e-08
latitude_no_abs,GRU_Third,10,30,0.0,5.960464477539063e-08
latitude_no_abs,GRU_Third,20,30,0.0,5.960464477539063e-08
latitude_no_abs,GRU_Twice,2,3,48.0,0.0012963414192199707
latitude_no_abs,GRU_Twice,2,4,1.0,1.1920928955078125e-07
latitude_no_abs,GRU_Twice,2,5,0.0,5.960464477539063e-08
latitude_no_abs,GRU_Twice,2,10,0.0,5.960464477539063e-08
latitude_no_abs,GRU_Twice,2,20,0.0,5.960464477539063e-08
latitude_no_abs,GRU_Twice,2,30,0.0,5.960464477539063e-08
latitude_no_abs,GRU_Twice,3,4,29.0,0.000102996826171875
latitude_no_abs,GRU_Twice,3,5,5.0,5.960464477539062e-07
latitude_no_abs,GRU_Twice,3,10,0.0,5.960464477539063e-08
latitude_no_abs,GRU_Twice,3,20,0.0,5.960464477539063e-08
latitude_no_abs,GRU_Twice,3,30,0.0,5.960464477539063e-08
latitude_no_abs,GRU_Twice,4,5,92.0,0.05875152349472046
latitude_no_abs,GRU_Twice,4,10,0.0,5.960464477539063e-08
latitude_no_abs,GRU_Twice,4,20,0.0,5.960464477539063e-08
latitude_no_abs,GRU_Twice,4,30,0.0,5.960464477539063e-08
latitude_no_abs,GRU_Twice,5,10,0.0,5.960464477539063e-08
latitude_no_abs,GRU_Twice,5,20,0.0,5.960464477539063e-08
latitude_no_abs,GRU_Twice,5,30,0.0,5.960464477539063e-08
latitude_no_abs,GRU_Twice,10,20,0.0,5.960464477539063e-08
latitude_no_abs,GRU_Twice,10,30,0.0,5.960464477539063e-08
latitude_no_abs,GRU_Twice,20,30,0.0,5.960464477539063e-08
latitude_no_abs,LSTM_Linear,2,3,74.0,0.01597297191619873
latitude_no_abs,LSTM_Linear,2,4,41.0,0.0005564093589782715
latitude_no_abs,LSTM_Linear,2,5,19.0,1.8298625946044922e-05
latitude_no_abs,LSTM_Linear,2,10,0.0,5.960464477539063e-08
latitude_no_abs,LSTM_Linear,2,20,0.0,5.960464477539063e-08
latitude_no_abs,LSTM_Linear,2,30,0.0,5.960464477539063e-08
latitude_no_abs,LSTM_Linear,3,4,46.0,0.0010271072387695312
latitude_no_abs,LSTM_Linear,3,5,18.0,1.5079975128173828e-05
latitude_no_abs,LSTM_Linear,3,10,0.0,5.960464477539063e-08
latitude_no_abs,LSTM_Linear,3,20,0.0,5.960464477539063e-08
latitude_no_abs,LSTM_Linear,3,30,0.0,5.960464477539063e-08
latitude_no_abs,LSTM_Linear,4,5,54.0,0.002507925033569336
latitude_no_abs,LSTM_Linear,4,10,0.0,5.960464477539063e-08
latitude_no_abs,LSTM_Linear,4,20,0.0,5.960464477539063e-08
latitude_no_abs,LSTM_Linear,4,30,0.0,5.960464477539063e-08
latitude_no_abs,LSTM_Linear,5,10,24.0,4.5418739318847656e-05
latitude_no_abs,LSTM_Linear,5,20,1.0,1.1920928955078125e-07
latitude_no_abs,LSTM_Linear,5,30,0.0,5.960464477539063e-08
latitude_no_abs,LSTM_Linear,10,20,0.0,5.960464477539063e-08
latitude_no_abs,LSTM_Linear,10,30,0.0,5.960464477539063e-08
latitude_no_abs,LSTM_Linear,20,30,0.0,5.960464477539063e-08
latitude_no_abs,LSTM_Reference,2,3,25.0,5.3882598876953125e-05
latitude_no_abs,LSTM_Reference,2,4,6.0,8.344650268554688e-07
latitude_no_abs,LSTM_Reference,2,5,0.0,5.960464477539063e-08
latitude_no_abs,LSTM_Reference,2,10,0.0,5.960464477539063e-08
latitude_no_abs,LSTM_Reference,2,20,0.0,5.960464477539063e-08
latitude_no_abs,LSTM_Reference,2,30,0.0,5.960464477539063e-08
latitude_no_abs,LSTM_Reference,3,4,71.0,0.012466490268707275
latitude_no_abs,LSTM_Reference,3,5,25.0,5.3882598876953125e-05
latitude_no_abs,LSTM_Reference,3,10,0.0,5.960464477539063e-08
latitude_no_abs,LSTM_Reference,3,20,0.0,5.960464477539063e-08
latitude_no_abs,LSTM_Reference,3,30,0.0,5.960464477539063e-08
latitude_no_abs,LSTM_Reference,4,5,63.0,0.006129205226898193
latitude_no_abs,LSTM_Reference,4,10,0.0,5.960464477539063e-08
latitude_no_abs,LSTM_Reference,4,20,0.0,5.960464477539063e-08
latitude_no_abs,LSTM_Reference,4,30,0.0,5.960464477539063e-08
latitude_no_abs,LSTM_Reference,5,10,0.0,5.960464477539063e-08
latitude_no_abs,LSTM_Reference,5,20,0.0,5.960464477539063e-08
latitude_no_abs,LSTM_Reference,5,30,0.0,5.960464477539063e-08
latitude_no_abs,LSTM_Reference,10,20,0.0,5.960464477539063e-08
latitude_no_abs,LSTM_Reference,10,30,0.0,5.960464477539063e-08
latitude_no_abs,LSTM_Reference,20,30,2.0,1.7881393432617188e-07
latitude_no_abs,LSTM_Third,2,3,103.0,0.1134914755821228
latitude_no_abs,LSTM_Third,2,4,31.0,0.0001398921012878418
latitude_no_abs,LSTM_Third,2,5,14.0,6.556510925292969e-06
latitude_no_abs,LSTM_Third,2,10,0.0,5.960464477539063e-08
latitude_no_abs,LSTM_Third,2,20,0.0,5.960464477539063e-08
latitude_no_abs,LSTM_Third,2,30,0.0,5.960464477539063e-08
latitude_no_abs,LSTM_Third,3,4,38.0,0.0003764033317565918
latitude_no_abs,LSTM_Third,3,5,22.0,3.1948089599609375e-05
latitude_no_abs,LSTM_Third,3,10,1.0,1.1920928955078125e-07
latitude_no_abs,LSTM_Third,3,20,0.0,5.960464477539063e-08
latitude_no_abs,LSTM_Third,3,30,0.0,5.960464477539063e-08
latitude_no_abs,LSTM_Third,4,5,95.0,0.0709836483001709
latitude_no_abs,LSTM_Third,4,10,3.0,2.980232238769531e-07
latitude_no_abs,LSTM_Third,4,20,0.0,5.960464477539063e-08
latitude_no_abs,LSTM_Third,4,30,0.0,5.960464477539063e-08
latitude_no_abs,LSTM_Third,5,10,1.0,1.1920928955078125e-07
latitude_no_abs,LSTM_Third,5,20,0.0,5.960464477539063e-08
latitude_no_abs,LSTM_Third,5,30,0.0,5.960464477539063e-08
latitude_no_abs,LSTM_Third,10,20,0.0,5.960464477539063e-08
latitude_no_abs,LSTM_Third,10,30,0.0,5.960464477539063e-08
latitude_no_abs,LSTM_Third,20,30,0.0,5.960464477539063e-08
latitude_no_abs,LSTM_Twice,2,3,159.0,0.936802864074707
latitude_no_abs,LSTM_Twice,2,4,121.0,0.2751842737197876
latitude_no_abs,LSTM_Twice,2,5,112.0,0.18172985315322876
latitude_no_abs,LSTM_Twice,2,10,120.0,0.2634761333465576
latitude_no_abs,LSTM_Twice,2,20,86.0,0.03933870792388916
latitude_no_abs,LSTM_Twice,2,30,16.0,1.0073184967041016e-05
latitude_no_abs,LSTM_Twice,3,4,111.0,0.17295855283737183
latitude_no_abs,LSTM_Twice,3,5,109.0,0.15633821487426758
latitude_no_abs,LSTM_Twice,3,10,121.0,0.2751842737197876
latitude_no_abs,LSTM_Twice,3,20,62.0,0.005578815937042236
latitude_no_abs,LSTM_Twice,3,30,14.0,6.556510925292969e-06
latitude_no_abs,LSTM_Twice,4,5,152.0,0.7914759516716003
latitude_no_abs,LSTM_Twice,4,10,150.0,0.7509929537773132
latitude_no_abs,LSTM_Twice,4,20,46.0,0.0010271072387695312
latitude_no_abs,LSTM_Twice,4,30,2.0,1.7881393432617188e-07
latitude_no_abs,LSTM_Twice,5,10,133.0,0.4418373703956604
latitude_no_abs,LSTM_Twice,5,20,27.0,7.49826431274414e-05
latitude_no_abs,LSTM_Twice,5,30,5.0,5.960464477539062e-07
latitude_no_abs,LSTM_Twice,10,20,3.0,2.980232238769531e-07
latitude_no_abs,LSTM_Twice,10,30,0.0,5.960464477539063e-08
latitude_no_abs,LSTM_Twice,20,30,26.0,6.365776062011719e-05
latitude_no_abs,RNN_Linear,2,3,94.0,0.06670159101486206
latitude_no_abs,RNN_Linear,2,4,107.0,0.14091521501541138
latitude_no_abs,RNN_Linear,2,5,127.0,0.3525196313858032
latitude_no_abs,RNN_Linear,2,10,120.0,0.2634761333465576
latitude_no_abs,RNN_Linear,2,20,56.0,0.0030878782272338867
latitude_no_abs,RNN_Linear,2,30,49.0,0.0014527440071105957
latitude_no_abs,RNN_Linear,3,4,137.0,0.507703959941864
latitude_no_abs,RNN_Linear,3,5,123.0,0.2996123433113098
latitude_no_abs,RNN_Linear,3,10,30.0,0.00012022256851196289
latitude_no_abs,RNN_Linear,3,20,1.0,1.1920928955078125e-07
latitude_no_abs,RNN_Linear,3,30,0.0,5.960464477539063e-08
latitude_no_abs,RNN_Linear,4,5,159.0,0.936802864074707
latitude_no_abs,RNN_Linear,4,10,77.0,0.02027493715286255
latitude_no_abs,RNN_Linear,4,20,29.0,0.000102996826171875
latitude_no_abs,RNN_Linear,4,30,19.0,1.8298625946044922e-05
latitude_no_abs,RNN_Linear,5,10,53.0,0.002255260944366455
latitude_no_abs,RNN_Linear,5,20,0.0,5.960464477539063e-08
latitude_no_abs,RNN_Linear,5,30,0.0,5.960464477539063e-08
latitude_no_abs,RNN_Linear,10,20,0.0,5.960464477539063e-08
latitude_no_abs,RNN_Linear,10,30,0.0,5.960464477539063e-08
latitude_no_abs,RNN_Linear,20,30,14.0,6.556510925292969e-06
latitude_no_abs,RNN_Reference,2,3,143.0,0.615043044090271
latitude_no_abs,RNN_Reference,2,4,84.0,0.034173786640167236
latitude_no_abs,RNN_Reference,2,5,115.0,0.20993918180465698
latitude_no_abs,RNN_Reference,2,10,121.0,0.2751842737197876
latitude_no_abs,RNN_Reference,2,20,46.0,0.0010271072387695312
latitude_no_abs,RNN_Reference,2,30,18.0,1.5079975128173828e-05
latitude_no_abs,RNN_Reference,3,4,97.0,0.0801958441734314
latitude_no_abs,RNN_Reference,3,5,125.0,0.325391948223114
latitude_no_abs,RNN_Reference,3,10,121.0,0.2751842737197876
latitude_no_abs,RNN_Reference,3,20,78.0,0.021908342838287354
latitude_no_abs,RNN_Reference,3,30,63.0,0.006129205226898193
latitude_no_abs,RNN_Reference,4,5,108.0,0.14847958087921143
latitude_no_abs,RNN_Reference,4,10,31.0,0.0001398921012878418
latitude_no_abs,RNN_Reference,4,20,19.0,1.8298625946044922e-05
latitude_no_abs,RNN_Reference,4,30,4.0,4.172325134277344e-07
latitude_no_abs,RNN_Reference,5,10,38.0,0.0003764033317565918
latitude_no_abs,RNN_Reference,5,20,3.0,2.980232238769531e-07
latitude_no_abs,RNN_Reference,5,30,1.0,1.1920928955078125e-07
latitude_no_abs,RNN_Reference,10,20,0.0,5.960464477539063e-08
latitude_no_abs,RNN_Reference,10,30,0.0,5.960464477539063e-08
latitude_no_abs,RNN_Reference,20,30,2.0,1.7881393432617188e-07
latitude_no_abs,RNN_Third,2,3,131.0,0.4107651710510254
latitude_no_abs,RNN_Third,2,4,113.0,0.19081425666809082
latitude_no_abs,RNN_Third,2,5,132.0,0.42614197731018066
latitude_no_abs,RNN_Third,2,10,52.0,0.002025127410888672
latitude_no_abs,RNN_Third,2,20,2.0,1.7881393432617188e-07
latitude_no_abs,RNN_Third,2,30,0.0,5.960464477539063e-08
latitude_no_abs,RNN_Third,3,4,146.0,0.6720751523971558
latitude_no_abs,RNN_Third,3,5,89.0,0.04826241731643677
latitude_no_abs,RNN_Third,3,10,15.0,8.165836334228516e-06
latitude_no_abs,RNN_Third,3,20,1.0,1.1920928955078125e-07
latitude_no_abs,RNN_Third,3,30,0.0,5.960464477539063e-08
latitude_no_abs,RNN_Third,4,5,87.0,0.04215019941329956
latitude_no_abs,RNN_Third,4,10,2.0,1.7881393432617188e-07
latitude_no_abs,RNN_Third,4,20,0.0,5.960464477539063e-08
latitude_no_abs,RNN_Third,4,30,0.0,5.960464477539063e-08
latitude_no_abs,RNN_Third,5,10,0.0,5.960464477539063e-08
latitude_no_abs,RNN_Third,5,20,0.0,5.960464477539063e-08
latitude_no_abs,RNN_Third,5,30,0.0,5.960464477539063e-08
latitude_no_abs,RNN_Third,10,20,0.0,5.960464477539063e-08
latitude_no_abs,RNN_Third,10,30,0.0,5.960464477539063e-08
latitude_no_abs,RNN_Third,20,30,12.0,4.172325134277344e-06
latitude_no_abs,RNN_Twice,2,3,145.0,0.6528410911560059
latitude_no_abs,RNN_Twice,2,4,150.0,0.7509929537773132
latitude_no_abs,RNN_Twice,2,5,103.0,0.1134914755821228
latitude_no_abs,RNN_Twice,2,10,87.0,0.04215019941329956
latitude_no_abs,RNN_Twice,2,20,160.0,0.9578450322151184
latitude_no_abs,RNN_Twice,2,30,138.0,0.5249125957489014
latitude_no_abs,RNN_Twice,3,4,158.0,0.9158032536506653
latitude_no_abs,RNN_Twice,3,5,129.0,0.3809836506843567
latitude_no_abs,RNN_Twice,3,10,130.0,0.39571136236190796
latitude_no_abs,RNN_Twice,3,20,144.0,0.6338268518447876
latitude_no_abs,RNN_Twice,3,30,120.0,0.2634761333465576
latitude_no_abs,RNN_Twice,4,5,118.0,0.24106645584106445
latitude_no_abs,RNN_Twice,4,10,106.0,0.13364005088806152
latitude_no_abs,RNN_Twice,4,20,132.0,0.42614197731018066
latitude_no_abs,RNN_Twice,4,30,109.0,0.15633821487426758
latitude_no_abs,RNN_Twice,5,10,161.0,0.978915274143219
latitude_no_abs,RNN_Twice,5,20,94.0,0.06670159101486206
latitude_no_abs,RNN_Twice,5,30,78.0,0.021908342838287354
latitude_no_abs,RNN_Twice,10,20,35.0,0.0002498030662536621
latitude_no_abs,RNN_Twice,10,30,26.0,6.365776062011719e-05
latitude_no_abs,RNN_Twice,20,30,74.0,0.01597297191619873
latitude_no_abs,UniTS,2,3,0.0,5.960464477539063e-08
latitude_no_abs,UniTS,2,4,0.0,5.960464477539063e-08
latitude_no_abs,UniTS,2,5,0.0,5.960464477539063e-08
latitude_no_abs,UniTS,2,10,0.0,5.960464477539063e-08
latitude_no_abs,UniTS,2,20,0.0,5.960464477539063e-08
latitude_no_abs,UniTS,2,30,0.0,5.960464477539063e-08
latitude_no_abs,UniTS,3,4,0.0,5.960464477539063e-08
latitude_no_abs,UniTS,3,5,0.0,5.960464477539063e-08
latitude_no_abs,UniTS,3,10,0.0,5.960464477539063e-08
latitude_no_abs,UniTS,3,20,0.0,5.960464477539063e-08
latitude_no_abs,UniTS,3,30,0.0,5.960464477539063e-08
latitude_no_abs,UniTS,4,5,0.0,5.960464477539063e-08
latitude_no_abs,UniTS,4,10,0.0,5.960464477539063e-08
latitude_no_abs,UniTS,4,20,0.0,5.960464477539063e-08
latitude_no_abs,UniTS,4,30,0.0,5.960464477539063e-08
latitude_no_abs,UniTS,5,10,0.0,5.960464477539063e-08
latitude_no_abs,UniTS,5,20,0.0,5.960464477539063e-08
latitude_no_abs,UniTS,5,30,0.0,5.960464477539063e-08
latitude_no_abs,UniTS,10,20,0.0,5.960464477539063e-08
latitude_no_abs,UniTS,10,30,0.0,5.960464477539063e-08
latitude_no_abs,UniTS,20,30,0.0,5.960464477539063e-08
longitude_no_abs,GRU_Att_1,2,3,0.0,5.960464477539063e-08
longitude_no_abs,GRU_Att_1,2,4,0.0,5.960464477539063e-08
longitude_no_abs,GRU_Att_1,2,5,0.0,5.960464477539063e-08
longitude_no_abs,GRU_Att_1,2,10,0.0,5.960464477539063e-08
longitude_no_abs,GRU_Att_1,2,20,0.0,5.960464477539063e-08
longitude_no_abs,GRU_Att_1,2,30,0.0,5.960464477539063e-08
longitude_no_abs,GRU_Att_1,3,4,0.0,5.960464477539063e-08
longitude_no_abs,GRU_Att_1,3,5,0.0,5.960464477539063e-08
longitude_no_abs,GRU_Att_1,3,10,0.0,5.960464477539063e-08
longitude_no_abs,GRU_Att_1,3,20,0.0,5.960464477539063e-08
longitude_no_abs,GRU_Att_1,3,30,0.0,5.960464477539063e-08
longitude_no_abs,GRU_Att_1,4,5,0.0,5.960464477539063e-08
longitude_no_abs,GRU_Att_1,4,10,0.0,5.960464477539063e-08
longitude_no_abs,GRU_Att_1,4,20,0.0,5.960464477539063e-08
longitude_no_abs,GRU_Att_1,4,30,0.0,5.960464477539063e-08
longitude_no_abs,GRU_Att_1,5,10,0.0,5.960464477539063e-08
longitude_no_abs,GRU_Att_1,5,20,0.0,5.960464477539063e-08
longitude_no_abs,GRU_Att_1,5,30,0.0,5.960464477539063e-08
longitude_no_abs,GRU_Att_1,10,20,0.0,5.960464477539063e-08
longitude_no_abs,GRU_Att_1,10,30,0.0,5.960464477539063e-08
longitude_no_abs,GRU_Att_1,20,30,0.0,5.960464477539063e-08
longitude_no_abs,GRU_Att_2,2,3,0.0,5.960464477539063e-08
longitude_no_abs,GRU_Att_2,2,4,0.0,5.960464477539063e-08
longitude_no_abs,GRU_Att_2,2,5,0.0,5.960464477539063e-08
longitude_no_abs,GRU_Att_2,2,10,0.0,5.960464477539063e-08
longitude_no_abs,GRU_Att_2,2,20,0.0,5.960464477539063e-08
longitude_no_abs,GRU_Att_2,2,30,0.0,5.960464477539063e-08
longitude_no_abs,GRU_Att_2,3,4,1.0,1.1920928955078125e-07
longitude_no_abs,GRU_Att_2,3,5,0.0,5.960464477539063e-08
longitude_no_abs,GRU_Att_2,3,10,0.0,5.960464477539063e-08
longitude_no_abs,GRU_Att_2,3,20,0.0,5.960464477539063e-08
longitude_no_abs,GRU_Att_2,3,30,0.0,5.960464477539063e-08
longitude_no_abs,GRU_Att_2,4,5,22.0,3.1948089599609375e-05
longitude_no_abs,GRU_Att_2,4,10,0.0,5.960464477539063e-08
longitude_no_abs,GRU_Att_2,4,20,0.0,5.960464477539063e-08
longitude_no_abs,GRU_Att_2,4,30,0.0,5.960464477539063e-08
longitude_no_abs,GRU_Att_2,5,10,0.0,5.960464477539063e-08
longitude_no_abs,GRU_Att_2,5,20,0.0,5.960464477539063e-08
longitude_no_abs,GRU_Att_2,5,30,0.0,5.960464477539063e-08
longitude_no_abs,GRU_Att_2,10,20,0.0,5.960464477539063e-08
longitude_no_abs,GRU_Att_2,10,30,0.0,5.960464477539063e-08
longitude_no_abs,GRU_Att_2,20,30,0.0,5.960464477539063e-08
longitude_no_abs,GRU_Att_3,2,3,0.0,5.960464477539063e-08
longitude_no_abs,GRU_Att_3,2,4,0.0,5.960464477539063e-08
longitude_no_abs,GRU_Att_3,2,5,0.0,5.960464477539063e-08
longitude_no_abs,GRU_Att_3,2,10,0.0,5.960464477539063e-08
longitude_no_abs,GRU_Att_3,2,20,0.0,5.960464477539063e-08
longitude_no_abs,GRU_Att_3,2,30,0.0,5.960464477539063e-08
longitude_no_abs,GRU_Att_3,3,4,0.0,5.960464477539063e-08
longitude_no_abs,GRU_Att_3,3,5,0.0,5.960464477539063e-08
longitude_no_abs,GRU_Att_3,3,10,0.0,5.960464477539063e-08
longitude_no_abs,GRU_Att_3,3,20,0.0,5.960464477539063e-08
longitude_no_abs,GRU_Att_3,3,30,0.0,5.960464477539063e-08
longitude_no_abs,GRU_Att_3,4,5,2.0,1.7881393432617188e-07
longitude_no_abs,GRU_Att_3,4,10,0.0,5.960464477539063e-08
longitude_no_abs,GRU_Att_3,4,20,0.0,5.960464477539063e-08
longitude_no_abs,GRU_Att_3,4,30,0.0,5.960464477539063e-08
longitude_no_abs,GRU_Att_3,5,10,0.0,5.960464477539063e-08
longitude_no_abs,GRU_Att_3,5,20,0.0,5.960464477539063e-08
longitude_no_abs,GRU_Att_3,5,30,0.0,5.960464477539063e-08
longitude_no_abs,GRU_Att_3,10,20,0.0,5.960464477539063e-08
longitude_no_abs,GRU_Att_3,10,30,0.0,5.960464477539063e-08
longitude_no_abs,GRU_Att_3,20,30,0.0,5.960464477539063e-08
longitude_no_abs,GRU_Att_4,2,3,0.0,5.960464477539063e-08
longitude_no_abs,GRU_Att_4,2,4,0.0,5.960464477539063e-08
longitude_no_abs,GRU_Att_4,2,5,0.0,5.960464477539063e-08
longitude_no_abs,GRU_Att_4,2,10,0.0,5.960464477539063e-08
longitude_no_abs,GRU_Att_4,2,20,0.0,5.960464477539063e-08
longitude_no_abs,GRU_Att_4,2,30,0.0,5.960464477539063e-08
longitude_no_abs,GRU_Att_4,3,4,0.0,5.960464477539063e-08
longitude_no_abs,GRU_Att_4,3,5,0.0,5.960464477539063e-08
longitude_no_abs,GRU_Att_4,3,10,0.0,5.960464477539063e-08
longitude_no_abs,GRU_Att_4,3,20,0.0,5.960464477539063e-08
longitude_no_abs,GRU_Att_4,3,30,0.0,5.960464477539063e-08
longitude_no_abs,GRU_Att_4,4,5,0.0,5.960464477539063e-08
longitude_no_abs,GRU_Att_4,4,10,0.0,5.960464477539063e-08
longitude_no_abs,GRU_Att_4,4,20,0.0,5.960464477539063e-08
longitude_no_abs,GRU_Att_4,4,30,0.0,5.960464477539063e-08
longitude_no_abs,GRU_Att_4,5,10,0.0,5.960464477539063e-08
longitude_no_abs,GRU_Att_4,5,20,0.0,5.960464477539063e-08
longitude_no_abs,GRU_Att_4,5,30,0.0,5.960464477539063e-08
longitude_no_abs,GRU_Att_4,10,20,0.0,5.960464477539063e-08
longitude_no_abs,GRU_Att_4,10,30,0.0,5.960464477539063e-08
longitude_no_abs,GRU_Att_4,20,30,0.0,5.960464477539063e-08
longitude_no_abs,GRU_Linear,2,3,7.0,1.1324882507324219e-06
longitude_no_abs,GRU_Linear,2,4,0.0,5.960464477539063e-08
longitude_no_abs,GRU_Linear,2,5,0.0,5.960464477539063e-08
longitude_no_abs,GRU_Linear,2,10,0.0,5.960464477539063e-08
longitude_no_abs,GRU_Linear,2,20,0.0,5.960464477539063e-08
longitude_no_abs,GRU_Linear,2,30,0.0,5.960464477539063e-08
longitude_no_abs,GRU_Linear,3,4,16.0,1.0073184967041016e-05
longitude_no_abs,GRU_Linear,3,5,0.0,5.960464477539063e-08
longitude_no_abs,GRU_Linear,3,10,0.0,5.960464477539063e-08
longitude_no_abs,GRU_Linear,3,20,0.0,5.960464477539063e-08
longitude_no_abs,GRU_Linear,3,30,0.0,5.960464477539063e-08
longitude_no_abs,GRU_Linear,4,5,72.0,0.013554692268371582
longitude_no_abs,GRU_Linear,4,10,0.0,5.960464477539063e-08
longitude_no_abs,GRU_Linear,4,20,0.0,5.960464477539063e-08
longitude_no_abs,GRU_Linear,4,30,0.0,5.960464477539063e-08
longitude_no_abs,GRU_Linear,5,10,0.0,5.960464477539063e-08
longitude_no_abs,GRU_Linear,5,20,0.0,5.960464477539063e-08
longitude_no_abs,GRU_Linear,5,30,0.0,5.960464477539063e-08
longitude_no_abs,GRU_Linear,10,20,0.0,5.960464477539063e-08
longitude_no_abs,GRU_Linear,10,30,0.0,5.960464477539063e-08
longitude_no_abs,GRU_Linear,20,30,0.0,5.960464477539063e-08
longitude_no_abs,GRU_Reference,2,3,0.0,5.960464477539063e-08
longitude_no_abs,GRU_Reference,2,4,0.0,5.960464477539063e-08
longitude_no_abs,GRU_Reference,2,5,0.0,5.960464477539063e-08
longitude_no_abs,GRU_Reference,2,10,0.0,5.960464477539063e-08
longitude_no_abs,GRU_Reference,2,20,0.0,5.960464477539063e-08
longitude_no_abs,GRU_Reference,2,30,0.0,5.960464477539063e-08
longitude_no_abs,GRU_Reference,3,4,35.0,0.0002498030662536621
longitude_no_abs,GRU_Reference,3,5,0.0,5.960464477539063e-08
longitude_no_abs,GRU_Reference,3,10,0.0,5.960464477539063e-08
longitude_no_abs,GRU_Reference,3,20,0.0,5.960464477539063e-08
longitude_no_abs,GRU_Reference,3,30,0.0,5.960464477539063e-08
longitude_no_abs,GRU_Reference,4,5,24.0,4.5418739318847656e-05
longitude_no_abs,GRU_Reference,4,10,0.0,5.960464477539063e-08
longitude_no_abs,GRU_Reference,4,20,0.0,5.960464477539063e-08
longitude_no_abs,GRU_Reference,4,30,0.0,5.960464477539063e-08
longitude_no_abs,GRU_Reference,5,10,0.0,5.960464477539063e-08
longitude_no_abs,GRU_Reference,5,20,0.0,5.960464477539063e-08
longitude_no_abs,GRU_Reference,5,30,0.0,5.960464477539063e-08
longitude_no_abs,GRU_Reference,10,20,0.0,5.960464477539063e-08
longitude_no_abs,GRU_Reference,10,30,0.0,5.960464477539063e-08
longitude_no_abs,GRU_Reference,20,30,0.0,5.960464477539063e-08
longitude_no_abs,GRU_Third,2,3,2.0,1.7881393432617188e-07
longitude_no_abs,GRU_Third,2,4,0.0,5.960464477539063e-08
longitude_no_abs,GRU_Third,2,5,0.0,5.960464477539063e-08
longitude_no_abs,GRU_Third,2,10,0.0,5.960464477539063e-08
longitude_no_abs,GRU_Third,2,20,0.0,5.960464477539063e-08
longitude_no_abs,GRU_Third,2,30,0.0,5.960464477539063e-08
longitude_no_abs,GRU_Third,3,4,38.0,0.0003764033317565918
longitude_no_abs,GRU_Third,3,5,16.0,1.0073184967041016e-05
longitude_no_abs,GRU_Third,3,10,0.0,5.960464477539063e-08
longitude_no_abs,GRU_Third,3,20,0.0,5.960464477539063e-08
longitude_no_abs,GRU_Third,3,30,0.0,5.960464477539063e-08
longitude_no_abs,GRU_Third,4,5,63.0,0.006129205226898193
longitude_no_abs,GRU_Third,4,10,1.0,1.1920928955078125e-07
longitude_no_abs,GRU_Third,4,20,0.0,5.960464477539063e-08
longitude_no_abs,GRU_Third,4,30,0.0,5.960464477539063e-08
longitude_no_abs,GRU_Third,5,10,0.0,5.960464477539063e-08
longitude_no_abs,GRU_Third,5,20,0.0,5.960464477539063e-08
longitude_no_abs,GRU_Third,5,30,0.0,5.960464477539063e-08
longitude_no_abs,GRU_Third,10,20,0.0,5.960464477539063e-08
longitude_no_abs,GRU_Third,10,30,0.0,5.960464477539063e-08
longitude_no_abs,GRU_Third,20,30,0.0,5.960464477539063e-08
longitude_no_abs,GRU_Twice,2,3,3.0,2.980232238769531e-07
longitude_no_abs,GRU_Twice,2,4,0.0,5.960464477539063e-08
longitude_no_abs,GRU_Twice,2,5,0.0,5.960464477539063e-08
longitude_no_abs,GRU_Twice,2,10,0.0,5.960464477539063e-08
longitude_no_abs,GRU_Twice,2,20,0.0,5.960464477539063e-08
longitude_no_abs,GRU_Twice,2,30,0.0,5.960464477539063e-08
longitude_no_abs,GRU_Twice,3,4,28.0,8.803606033325195e-05
longitude_no_abs,GRU_Twice,3,5,0.0,5.960464477539063e-08
longitude_no_abs,GRU_Twice,3,10,0.0,5.960464477539063e-08
longitude_no_abs,GRU_Twice,3,20,0.0,5.960464477539063e-08
longitude_no_abs,GRU_Twice,3,30,0.0,5.960464477539063e-08
longitude_no_abs,GRU_Twice,4,5,12.0,4.172325134277344e-06
longitude_no_abs,GRU_Twice,4,10,0.0,5.960464477539063e-08
longitude_no_abs,GRU_Twice,4,20,0.0,5.960464477539063e-08
longitude_no_abs,GRU_Twice,4,30,0.0,5.960464477539063e-08
longitude_no_abs,GRU_Twice,5,10,0.0,5.960464477539063e-08
longitude_no_abs,GRU_Twice,5,20,0.0,5.960464477539063e-08
longitude_no_abs,GRU_Twice,5,30,0.0,5.960464477539063e-08
longitude_no_abs,GRU_Twice,10,20,0.0,5.960464477539063e-08
longitude_no_abs,GRU_Twice,10,30,0.0,5.960464477539063e-08
longitude_no_abs,GRU_Twice,20,30,0.0,5.960464477539063e-08
longitude_no_abs,LSTM_Linear,2,3,16.0,1.0073184967041016e-05
longitude_no_abs,LSTM_Linear,2,4,6.0,8.344650268554688e-07
longitude_no_abs,LSTM_Linear,2,5,0.0,5.960464477539063e-08
longitude_no_abs,LSTM_Linear,2,10,0.0,5.960464477539063e-08
longitude_no_abs,LSTM_Linear,2,20,0.0,5.960464477539063e-08
longitude_no_abs,LSTM_Linear,2,30,0.0,5.960464477539063e-08
longitude_no_abs,LSTM_Linear,3,4,20.0,2.2113323211669922e-05
longitude_no_abs,LSTM_Linear,3,5,0.0,5.960464477539063e-08
longitude_no_abs,LSTM_Linear,3,10,0.0,5.960464477539063e-08
longitude_no_abs,LSTM_Linear,3,20,0.0,5.960464477539063e-08
longitude_no_abs,LSTM_Linear,3,30,0.0,5.960464477539063e-08
longitude_no_abs,LSTM_Linear,4,5,2.0,1.7881393432617188e-07
longitude_no_abs,LSTM_Linear,4,10,0.0,5.960464477539063e-08
longitude_no_abs,LSTM_Linear,4,20,0.0,5.960464477539063e-08
longitude_no_abs,LSTM_Linear,4,30,0.0,5.960464477539063e-08
longitude_no_abs,LSTM_Linear,5,10,0.0,5.960464477539063e-08
longitude_no_abs,LSTM_Linear,5,20,0.0,5.960464477539063e-08
longitude_no_abs,LSTM_Linear,5,30,0.0,5.960464477539063e-08
longitude_no_abs,LSTM_Linear,10,20,0.0,5.960464477539063e-08
longitude_no_abs,LSTM_Linear,10,30,0.0,5.960464477539063e-08
longitude_no_abs,LSTM_Linear,20,30,5.0,5.960464477539062e-07
longitude_no_abs,LSTM_Reference,2,3,15.0,8.165836334228516e-06
longitude_no_abs,LSTM_Reference,2,4,0.0,5.960464477539063e-08
longitude_no_abs,LSTM_Reference,2,5,0.0,5.960464477539063e-08
longitude_no_abs,LSTM_Reference,2,10,0.0,5.960464477539063e-08
longitude_no_abs,LSTM_Reference,2,20,0.0,5.960464477539063e-08
longitude_no_abs,LSTM_Reference,2,30,0.0,5.960464477539063e-08
longitude_no_abs,LSTM_Reference,3,4,44.0,0.0008081197738647461
longitude_no_abs,LSTM_Reference,3,5,6.0,8.344650268554688e-07
longitude_no_abs,LSTM_Reference,3,10,0.0,5.960464477539063e-08
longitude_no_abs,LSTM_Reference,3,20,0.0,5.960464477539063e-08
longitude_no_abs,LSTM_Reference,3,30,0.0,5.960464477539063e-08
longitude_no_abs,LSTM_Reference,4,5,93.0,0.0626264214515686
longitude_no_abs,LSTM_Reference,4,10,0.0,5.960464477539063e-08
longitude_no_abs,LSTM_Reference,4,20,0.0,5.960464477539063e-08
longitude_no_abs,LSTM_Reference,4,30,0.0,5.960464477539063e-08
longitude_no_abs,LSTM_Reference,5,10,0.0,5.960464477539063e-08
longitude_no_abs,LSTM_Reference,5,20,0.0,5.960464477539063e-08
longitude_no_abs,LSTM_Reference,5,30,0.0,5.960464477539063e-08
longitude_no_abs,LSTM_Reference,10,20,0.0,5.960464477539063e-08
longitude_no_abs,LSTM_Reference,10,30,0.0,5.960464477539063e-08
longitude_no_abs,LSTM_Reference,20,30,0.0,5.960464477539063e-08
longitude_no_abs,LSTM_Third,2,3,0.0,5.960464477539063e-08
longitude_no_abs,LSTM_Third,2,4,0.0,5.960464477539063e-08
longitude_no_abs,LSTM_Third,2,5,0.0,5.960464477539063e-08
longitude_no_abs,LSTM_Third,2,10,0.0,5.960464477539063e-08
longitude_no_abs,LSTM_Third,2,20,0.0,5.960464477539063e-08
longitude_no_abs,LSTM_Third,2,30,0.0,5.960464477539063e-08
longitude_no_abs,LSTM_Third,3,4,74.0,0.01597297191619873
longitude_no_abs,LSTM_Third,3,5,11.0,3.2782554626464844e-06
longitude_no_abs,LSTM_Third,3,10,0.0,5.960464477539063e-08
longitude_no_abs,LSTM_Third,3,20,0.0,5.960464477539063e-08
longitude_no_abs,LSTM_Third,3,30,0.0,5.960464477539063e-08
longitude_no_abs,LSTM_Third,4,5,37.0,0.00032907724380493164
longitude_no_abs,LSTM_Third,4,10,0.0,5.960464477539063e-08
longitude_no_abs,LSTM_Third,4,20,0.0,5.960464477539063e-08
longitude_no_abs,LSTM_Third,4,30,0.0,5.960464477539063e-08
longitude_no_abs,LSTM_Third,5,10,1.0,1.1920928955078125e-07
longitude_no_abs,LSTM_Third,5,20,0.0,5.960464477539063e-08
longitude_no_abs,LSTM_Third,5,30,0.0,5.960464477539063e-08
longitude_no_abs,LSTM_Third,10,20,0.0,5.960464477539063e-08
longitude_no_abs,LSTM_Third,10,30,0.0,5.960464477539063e-08
longitude_no_abs,LSTM_Third,20,30,0.0,5.960464477539063e-08
longitude_no_abs,LSTM_Twice,2,3,100.0,0.09573346376419067
longitude_no_abs,LSTM_Twice,2,4,114.0,0.2002161741256714
longitude_no_abs,LSTM_Twice,2,5,126.0,0.33878785371780396
longitude_no_abs,LSTM_Twice,2,10,88.0,0.04512268304824829
longitude_no_abs,LSTM_Twice,2,20,45.0,0.0009118914604187012
longitude_no_abs,LSTM_Twice,2,30,0.0,5.960464477539063e-08
longitude_no_abs,LSTM_Twice,3,4,110.0,0.16449612379074097
longitude_no_abs,LSTM_Twice,3,5,74.0,0.01597297191619873
longitude_no_abs,LSTM_Twice,3,10,30.0,0.00012022256851196289
longitude_no_abs,LSTM_Twice,3,20,5.0,5.960464477539062e-07
longitude_no_abs,LSTM_Twice,3,30,0.0,5.960464477539063e-08
longitude_no_abs,LSTM_Twice,4,5,79.0,0.023649930953979492
longitude_no_abs,LSTM_Twice,4,10,3.0,2.980232238769531e-07
longitude_no_abs,LSTM_Twice,4,20,0.0,5.960464477539063e-08
longitude_no_abs,LSTM_Twice,4,30,0.0,5.960464477539063e-08
longitude_no_abs,LSTM_Twice,5,10,0.0,5.960464477539063e-08
longitude_no_abs,LSTM_Twice,5,20,0.0,5.960464477539063e-08
longitude_no_abs,LSTM_Twice,5,30,0.0,5.960464477539063e-08
longitude_no_abs,LSTM_Twice,10,20,0.0,5.960464477539063e-08
longitude_no_abs,LSTM_Twice,10,30,0.0,5.960464477539063e-08
longitude_no_abs,LSTM_Twice,20,30,0.0,5.960464477539063e-08
longitude_no_abs,RNN_Linear,2,3,134.0,0.457846462726593
longitude_no_abs,RNN_Linear,2,4,146.0,0.6720751523971558
longitude_no_abs,RNN_Linear,2,5,147.0,0.6915188431739807
longitude_no_abs,RNN_Linear,2,10,76.0,0.018744707107543945
longitude_no_abs,RNN_Linear,2,20,12.0,4.172325134277344e-06
longitude_no_abs,RNN_Linear,2,30,4.0,4.172325134277344e-07
longitude_no_abs,RNN_Linear,3,4,139.0,0.5424043536186218
longitude_no_abs,RNN_Linear,3,5,128.0,0.3665854334831238
longitude_no_abs,RNN_Linear,3,10,48.0,0.0012963414192199707
longitude_no_abs,RNN_Linear,3,20,27.0,7.49826431274414e-05
longitude_no_abs,RNN_Linear,3,30,25.0,5.3882598876953125e-05
longitude_no_abs,RNN_Linear,4,5,135.0,0.4741646647453308
longitude_no_abs,RNN_Linear,4,10,16.0,1.0073184967041016e-05
longitude_no_abs,RNN_Linear,4,20,0.0,5.960464477539063e-08
longitude_no_abs,RNN_Linear,4,30,0.0,5.960464477539063e-08
longitude_no_abs,RNN_Linear,5,10,5.0,5.960464477539062e-07
longitude_no_abs,RNN_Linear,5,20,0.0,5.960464477539063e-08
longitude_no_abs,RNN_Linear,5,30,0.0,5.960464477539063e-08
longitude_no_abs,RNN_Linear,10,20,0.0,5.960464477539063e-08
longitude_no_abs,RNN_Linear,10,30,0.0,5.960464477539063e-08
longitude_no_abs,RNN_Linear,20,30,1.0,1.1920928955078125e-07
longitude_no_abs,RNN_Reference,2,3,100.0,0.09573346376419067
longitude_no_abs,RNN_Reference,2,4,103.0,0.1134914755821228
longitude_no_abs,RNN_Reference,2,5,117.0,0.23036134243011475
longitude_no_abs,RNN_Reference,2,10,78.0,0.021908342838287354
longitude_no_abs,RNN_Reference,2,20,18.0,1.5079975128173828e-05
longitude_no_abs,RNN_Reference,2,30,5.0,5.960464477539062e-07
longitude_no_abs,RNN_Reference,3,4,141.0,0.5782062411308289
longitude_no_abs,RNN_Reference,3,5,118.0,0.24106645584106445
longitude_no_abs,RNN_Reference,3,10,33.0,0.00018787384033203125
longitude_no_abs,RNN_Reference,3,20,1.0,1.1920928955078125e-07
longitude_no_abs,RNN_Reference,3,30,0.0,5.960464477539063e-08
longitude_no_abs,RNN_Reference,4,5,101.0,0.10139739513397217
longitude_no_abs,RNN_Reference,4,10,9.0,1.9669532775878906e-06
longitude_no_abs,RNN_Reference,4,20,0.0,5.960464477539063e-08
longitude_no_abs,RNN_Reference,4,30,0.0,5.960464477539063e-08
longitude_no_abs,RNN_Reference,5,10,43.0,0.0007149577140808105
longitude_no_abs,RNN_Reference,5,20,1.0,1.1920928955078125e-07
longitude_no_abs,RNN_Reference,5,30,0.0,5.960464477539063e-08
longitude_no_abs,RNN_Reference,10,20,0.0,5.960464477539063e-08
longitude_no_abs,RNN_Reference,10,30,0.0,5.960464477539063e-08
longitude_no_abs,RNN_Reference,20,30,0.0,5.960464477539063e-08
longitude_no_abs,RNN_Third,2,3,113.0,0.19081425666809082
longitude_no_abs,RNN_Third,2,4,41.0,0.0005564093589782715
longitude_no_abs,RNN_Third,2,5,8.0,1.4901161193847656e-06
longitude_no_abs,RNN_Third,2,10,0.0,5.960464477539063e-08
longitude_no_abs,RNN_Third,2,20,0.0,5.960464477539063e-08
longitude_no_abs,RNN_Third,2,30,0.0,5.960464477539063e-08
longitude_no_abs,RNN_Third,3,4,46.0,0.0010271072387695312
longitude_no_abs,RNN_Third,3,5,19.0,1.8298625946044922e-05
longitude_no_abs,RNN_Third,3,10,0.0,5.960464477539063e-08
longitude_no_abs,RNN_Third,3,20,0.0,5.960464477539063e-08
longitude_no_abs,RNN_Third,3,30,0.0,5.960464477539063e-08
longitude_no_abs,RNN_Third,4,5,79.0,0.023649930953979492
longitude_no_abs,RNN_Third,4,10,0.0,5.960464477539063e-08
longitude_no_abs,RNN_Third,4,20,0.0,5.960464477539063e-08
longitude_no_abs,RNN_Third,4,30,0.0,5.960464477539063e-08
longitude_no_abs,RNN_Third,5,10,12.0,4.172325134277344e-06
longitude_no_abs,RNN_Third,5,20,0.0,5.960464477539063e-08
longitude_no_abs,RNN_Third,5,30,0.0,5.960464477539063e-08
longitude_no_abs,RNN_Third,10,20,0.0,5.960464477539063e-08
longitude_no_abs,RNN_Third,10,30,0.0,5.960464477539063e-08
longitude_no_abs,RNN_Third,20,30,3.0,2.980232238769531e-07
longitude_no_abs,RNN_Twice,2,3,121.0,0.2751842737197876
longitude_no_abs,RNN_Twice,2,4,142.0,0.5964998602867126
longitude_no_abs,RNN_Twice,2,5,157.0,0.8948604464530945
longitude_no_abs,RNN_Twice,2,10,135.0,0.4741646647453308
longitude_no_abs,RNN_Twice,2,20,87.0,0.04215019941329956
longitude_no_abs,RNN_Twice,2,30,46.0,0.0010271072387695312
longitude_no_abs,RNN_Twice,3,4,127.0,0.3525196313858032
longitude_no_abs,RNN_Twice,3,5,136.0,0.49078595638275146
longitude_no_abs,RNN_Twice,3,10,154.0,0.8325093984603882
longitude_no_abs,RNN_Twice,3,20,58.0,0.0037809014320373535
longitude_no_abs,RNN_Twice,3,30,37.0,0.00032907724380493164
longitude_no_abs,RNN_Twice,4,5,133.0,0.4418373703956604
longitude_no_abs,RNN_Twice,4,10,115.0,0.20993918180465698
longitude_no_abs,RNN_Twice,4,20,129.0,0.3809836506843567
longitude_no_abs,RNN_Twice,4,30,71.0,0.012466490268707275
longitude_no_abs,RNN_Twice,5,10,151.0,0.7711594104766846
longitude_no_abs,RNN_Twice,5,20,64.0,0.0067255496978759766
longitude_no_abs,RNN_Twice,5,30,31.0,0.0001398921012878418
longitude_no_abs,RNN_Twice,10,20,30.0,0.00012022256851196289
longitude_no_abs,RNN_Twice,10,30,16.0,1.0073184967041016e-05
longitude_no_abs,RNN_Twice,20,30,18.0,1.5079975128173828e-05
longitude_no_abs,UniTS,2,3,0.0,5.960464477539063e-08
longitude_no_abs,UniTS,2,4,0.0,5.960464477539063e-08
longitude_no_abs,UniTS,2,5,0.0,5.960464477539063e-08
longitude_no_abs,UniTS,2,10,0.0,5.960464477539063e-08
longitude_no_abs,UniTS,2,20,0.0,5.960464477539063e-08
longitude_no_abs,UniTS,2,30,0.0,5.960464477539063e-08
longitude_no_abs,UniTS,3,4,0.0,5.960464477539063e-08
longitude_no_abs,UniTS,3,5,0.0,5.960464477539063e-08
longitude_no_abs,UniTS,3,10,0.0,5.960464477539063e-08
longitude_no_abs,UniTS,3,20,0.0,5.960464477539063e-08
longitude_no_abs,UniTS,3,30,0.0,5.960464477539063e-08
longitude_no_abs,UniTS,4,5,0.0,5.960464477539063e-08
longitude_no_abs,UniTS,4,10,0.0,5.960464477539063e-08
longitude_no_abs,UniTS,4,20,0.0,5.960464477539063e-08
longitude_no_abs,UniTS,4,30,0.0,5.960464477539063e-08
longitude_no_abs,UniTS,5,10,0.0,5.960464477539063e-08
longitude_no_abs,UniTS,5,20,0.0,5.960464477539063e-08
longitude_no_abs,UniTS,5,30,0.0,5.960464477539063e-08
longitude_no_abs,UniTS,10,20,0.0,5.960464477539063e-08
longitude_no_abs,UniTS,10,30,0.0,5.960464477539063e-08
longitude_no_abs,UniTS,20,30,0.0,5.960464477539063e-08
speed,GRU_Att_1,2,3,0.0,5.960464477539063e-08
speed,GRU_Att_1,2,4,0.0,5.960464477539063e-08
speed,GRU_Att_1,2,5,0.0,5.960464477539063e-08
speed,GRU_Att_1,2,10,0.0,5.960464477539063e-08
speed,GRU_Att_1,2,20,0.0,5.960464477539063e-08
speed,GRU_Att_1,2,30,0.0,5.960464477539063e-08
speed,GRU_Att_1,3,4,26.0,6.365776062011719e-05
speed,GRU_Att_1,3,5,1.0,1.1920928955078125e-07
speed,GRU_Att_1,3,10,0.0,5.960464477539063e-08
speed,GRU_Att_1,3,20,0.0,5.960464477539063e-08
speed,GRU_Att_1,3,30,0.0,5.960464477539063e-08
speed,GRU_Att_1,4,5,96.0,0.07547956705093384
speed,GRU_Att_1,4,10,0.0,5.960464477539063e-08
speed,GRU_Att_1,4,20,0.0,5.960464477539063e-08
speed,GRU_Att_1,4,30,0.0,5.960464477539063e-08
speed,GRU_Att_1,5,10,0.0,5.960464477539063e-08
speed,GRU_Att_1,5,20,0.0,5.960464477539063e-08
speed,GRU_Att_1,5,30,0.0,5.960464477539063e-08
speed,GRU_Att_1,10,20,0.0,5.960464477539063e-08
speed,GRU_Att_1,10,30,0.0,5.960464477539063e-08
speed,GRU_Att_1,20,30,0.0,5.960464477539063e-08
speed,GRU_Att_2,2,3,0.0,5.960464477539063e-08
speed,GRU_Att_2,2,4,0.0,5.960464477539063e-08
speed,GRU_Att_2,2,5,0.0,5.960464477539063e-08
speed,GRU_Att_2,2,10,0.0,5.960464477539063e-08
speed,GRU_Att_2,2,20,0.0,5.960464477539063e-08
speed,GRU_Att_2,2,30,0.0,5.960464477539063e-08
speed,GRU_Att_2,3,4,0.0,5.960464477539063e-08
speed,GRU_Att_2,3,5,0.0,5.960464477539063e-08
speed,GRU_Att_2,3,10,0.0,5.960464477539063e-08
speed,GRU_Att_2,3,20,0.0,5.960464477539063e-08
speed,GRU_Att_2,3,30,0.0,5.960464477539063e-08
speed,GRU_Att_2,4,5,19.0,1.8298625946044922e-05
speed,GRU_Att_2,4,10,0.0,5.960464477539063e-08
speed,GRU_Att_2,4,20,0.0,5.960464477539063e-08
speed,GRU_Att_2,4,30,0.0,5.960464477539063e-08
speed,GRU_Att_2,5,10,0.0,5.960464477539063e-08
speed,GRU_Att_2,5,20,0.0,5.960464477539063e-08
speed,GRU_Att_2,5,30,0.0,5.960464477539063e-08
speed,GRU_Att_2,10,20,0.0,5.960464477539063e-08
speed,GRU_Att_2,10,30,0.0,5.960464477539063e-08
speed,GRU_Att_2,20,30,0.0,5.960464477539063e-08
speed,GRU_Att_3,2,3,0.0,5.960464477539063e-08
speed,GRU_Att_3,2,4,0.0,5.960464477539063e-08
speed,GRU_Att_3,2,5,0.0,5.960464477539063e-08
speed,GRU_Att_3,2,10,0.0,5.960464477539063e-08
speed,GRU_Att_3,2,20,0.0,5.960464477539063e-08
speed,GRU_Att_3,2,30,0.0,5.960464477539063e-08
speed,GRU_Att_3,3,4,0.0,5.960464477539063e-08
speed,GRU_Att_3,3,5,0.0,5.960464477539063e-08
speed,GRU_Att_3,3,10,0.0,5.960464477539063e-08
speed,GRU_Att_3,3,20,0.0,5.960464477539063e-08
speed,GRU_Att_3,3,30,0.0,5.960464477539063e-08
speed,GRU_Att_3,4,5,0.0,5.960464477539063e-08
speed,GRU_Att_3,4,10,0.0,5.960464477539063e-08
speed,GRU_Att_3,4,20,0.0,5.960464477539063e-08
speed,GRU_Att_3,4,30,0.0,5.960464477539063e-08
speed,GRU_Att_3,5,10,0.0,5.960464477539063e-08
speed,GRU_Att_3,5,20,0.0,5.960464477539063e-08
speed,GRU_Att_3,5,30,0.0,5.960464477539063e-08
speed,GRU_Att_3,10,20,0.0,5.960464477539063e-08
speed,GRU_Att_3,10,30,0.0,5.960464477539063e-08
speed,GRU_Att_3,20,30,0.0,5.960464477539063e-08
speed,GRU_Att_4,2,3,0.0,5.960464477539063e-08
speed,GRU_Att_4,2,4,0.0,5.960464477539063e-08
speed,GRU_Att_4,2,5,0.0,5.960464477539063e-08
speed,GRU_Att_4,2,10,0.0,5.960464477539063e-08
speed,GRU_Att_4,2,20,0.0,5.960464477539063e-08
speed,GRU_Att_4,2,30,0.0,5.960464477539063e-08
speed,GRU_Att_4,3,4,0.0,5.960464477539063e-08
speed,GRU_Att_4,3,5,0.0,5.960464477539063e-08
speed,GRU_Att_4,3,10,0.0,5.960464477539063e-08
speed,GRU_Att_4,3,20,0.0,5.960464477539063e-08
speed,GRU_Att_4,3,30,0.0,5.960464477539063e-08
speed,GRU_Att_4,4,5,0.0,5.960464477539063e-08
speed,GRU_Att_4,4,10,0.0,5.960464477539063e-08
speed,GRU_Att_4,4,20,0.0,5.960464477539063e-08
speed,GRU_Att_4,4,30,0.0,5.960464477539063e-08
speed,GRU_Att_4,5,10,0.0,5.960464477539063e-08
speed,GRU_Att_4,5,20,0.0,5.960464477539063e-08
speed,GRU_Att_4,5,30,0.0,5.960464477539063e-08
speed,GRU_Att_4,10,20,0.0,5.960464477539063e-08
speed,GRU_Att_4,10,30,0.0,5.960464477539063e-08
speed,GRU_Att_4,20,30,0.0,5.960464477539063e-08
speed,GRU_Linear,2,3,0.0,5.960464477539063e-08
speed,GRU_Linear,2,4,0.0,5.960464477539063e-08
speed,GRU_Linear,2,5,0.0,5.960464477539063e-08
speed,GRU_Linear,2,10,0.0,5.960464477539063e-08
speed,GRU_Linear,2,20,0.0,5.960464477539063e-08
speed,GRU_Linear,2,30,0.0,5.960464477539063e-08
speed,GRU_Linear,3,4,0.0,5.960464477539063e-08
speed,GRU_Linear,3,5,0.0,5.960464477539063e-08
speed,GRU_Linear,3,10,0.0,5.960464477539063e-08
speed,GRU_Linear,3,20,0.0,5.960464477539063e-08
speed,GRU_Linear,3,30,0.0,5.960464477539063e-08
speed,GRU_Linear,4,5,0.0,5.960464477539063e-08
speed,GRU_Linear,4,10,0.0,5.960464477539063e-08
speed,GRU_Linear,4,20,0.0,5.960464477539063e-08
speed,GRU_Linear,4,30,0.0,5.960464477539063e-08
speed,GRU_Linear,5,10,0.0,5.960464477539063e-08
speed,GRU_Linear,5,20,0.0,5.960464477539063e-08
speed,GRU_Linear,5,30,0.0,5.960464477539063e-08
speed,GRU_Linear,10,20,0.0,5.960464477539063e-08
speed,GRU_Linear,10,30,0.0,5.960464477539063e-08
speed,GRU_Linear,20,30,0.0,5.960464477539063e-08
speed,GRU_Reference,2,3,0.0,5.960464477539063e-08
speed,GRU_Reference,2,4,0.0,5.960464477539063e-08
speed,GRU_Reference,2,5,0.0,5.960464477539063e-08
speed,GRU_Reference,2,10,0.0,5.960464477539063e-08
speed,GRU_Reference,2,20,0.0,5.960464477539063e-08
speed,GRU_Reference,2,30,0.0,5.960464477539063e-08
speed,GRU_Reference,3,4,0.0,5.960464477539063e-08
speed,GRU_Reference,3,5,0.0,5.960464477539063e-08
speed,GRU_Reference,3,10,0.0,5.960464477539063e-08
speed,GRU_Reference,3,20,0.0,5.960464477539063e-08
speed,GRU_Reference,3,30,0.0,5.960464477539063e-08
speed,GRU_Reference,4,5,0.0,5.960464477539063e-08
speed,GRU_Reference,4,10,0.0,5.960464477539063e-08
speed,GRU_Reference,4,20,0.0,5.960464477539063e-08
speed,GRU_Reference,4,30,0.0,5.960464477539063e-08
speed,GRU_Reference,5,10,0.0,5.960464477539063e-08
speed,GRU_Reference,5,20,0.0,5.960464477539063e-08
speed,GRU_Reference,5,30,0.0,5.960464477539063e-08
speed,GRU_Reference,10,20,0.0,5.960464477539063e-08
speed,GRU_Reference,10,30,0.0,5.960464477539063e-08
speed,GRU_Reference,20,30,0.0,5.960464477539063e-08
speed,GRU_Third,2,3,0.0,5.960464477539063e-08
speed,GRU_Third,2,4,0.0,5.960464477539063e-08
speed,GRU_Third,2,5,0.0,5.960464477539063e-08
speed,GRU_Third,2,10,0.0,5.960464477539063e-08
speed,GRU_Third,2,20,0.0,5.960464477539063e-08
speed,GRU_Third,2,30,0.0,5.960464477539063e-08
speed,GRU_Third,3,4,0.0,5.960464477539063e-08
speed,GRU_Third,3,5,0.0,5.960464477539063e-08
speed,GRU_Third,3,10,0.0,5.960464477539063e-08
speed,GRU_Third,3,20,0.0,5.960464477539063e-08
speed,GRU_Third,3,30,0.0,5.960464477539063e-08
speed,GRU_Third,4,5,0.0,5.960464477539063e-08
speed,GRU_Third,4,10,0.0,5.960464477539063e-08
speed,GRU_Third,4,20,0.0,5.960464477539063e-08
speed,GRU_Third,4,30,0.0,5.960464477539063e-08
speed,GRU_Third,5,10,0.0,5.960464477539063e-08
speed,GRU_Third,5,20,0.0,5.960464477539063e-08
speed,GRU_Third,5,30,0.0,5.960464477539063e-08
speed,GRU_Third,10,20,0.0,5.960464477539063e-08
speed,GRU_Third,10,30,0.0,5.960464477539063e-08
speed,GRU_Third,20,30,0.0,5.960464477539063e-08
speed,GRU_Twice,2,3,0.0,5.960464477539063e-08
speed,GRU_Twice,2,4,0.0,5.960464477539063e-08
speed,GRU_Twice,2,5,0.0,5.960464477539063e-08
speed,GRU_Twice,2,10,0.0,5.960464477539063e-08
speed,GRU_Twice,2,20,0.0,5.960464477539063e-08
speed,GRU_Twice,2,30,0.0,5.960464477539063e-08
speed,GRU_Twice,3,4,0.0,5.960464477539063e-08
speed,GRU_Twice,3,5,0.0,5.960464477539063e-08
speed,GRU_Twice,3,10,0.0,5.960464477539063e-08
speed,GRU_Twice,3,20,0.0,5.960464477539063e-08
speed,GRU_Twice,3,30,0.0,5.960464477539063e-08
speed,GRU_Twice,4,5,0.0,5.960464477539063e-08
speed,GRU_Twice,4,10,0.0,5.960464477539063e-08
speed,GRU_Twice,4,20,0.0,5.960464477539063e-08
speed,GRU_Twice,4,30,0.0,5.960464477539063e-08
speed,GRU_Twice,5,10,0.0,5.960464477539063e-08
speed,GRU_Twice,5,20,0.0,5.960464477539063e-08
speed,GRU_Twice,5,30,0.0,5.960464477539063e-08
speed,GRU_Twice,10,20,0.0,5.960464477539063e-08
speed,GRU_Twice,10,30,0.0,5.960464477539063e-08
speed,GRU_Twice,20,30,0.0,5.960464477539063e-08
speed,LSTM_Linear,2,3,0.0,5.960464477539063e-08
speed,LSTM_Linear,2,4,0.0,5.960464477539063e-08
speed,LSTM_Linear,2,5,0.0,5.960464477539063e-08
speed,LSTM_Linear,2,10,0.0,5.960464477539063e-08
speed,LSTM_Linear,2,20,0.0,5.960464477539063e-08
speed,LSTM_Linear,2,30,0.0,5.960464477539063e-08
speed,LSTM_Linear,3,4,0.0,5.960464477539063e-08
speed,LSTM_Linear,3,5,0.0,5.960464477539063e-08
speed,LSTM_Linear,3,10,0.0,5.960464477539063e-08
speed,LSTM_Linear,3,20,0.0,5.960464477539063e-08
speed,LSTM_Linear,3,30,0.0,5.960464477539063e-08
speed,LSTM_Linear,4,5,0.0,5.960464477539063e-08
speed,LSTM_Linear,4,10,0.0,5.960464477539063e-08
speed,LSTM_Linear,4,20,0.0,5.960464477539063e-08
speed,LSTM_Linear,4,30,0.0,5.960464477539063e-08
speed,LSTM_Linear,5,10,0.0,5.960464477539063e-08
speed,LSTM_Linear,5,20,0.0,5.960464477539063e-08
speed,LSTM_Linear,5,30,0.0,5.960464477539063e-08
speed,LSTM_Linear,10,20,0.0,5.960464477539063e-08
speed,LSTM_Linear,10,30,0.0,5.960464477539063e-08
speed,LSTM_Linear,20,30,0.0,5.960464477539063e-08
speed,LSTM_Reference,2,3,0.0,5.960464477539063e-08
speed,LSTM_Reference,2,4,0.0,5.960464477539063e-08
speed,LSTM_Reference,2,5,0.0,5.960464477539063e-08
speed,LSTM_Reference,2,10,0.0,5.960464477539063e-08
speed,LSTM_Reference,2,20,0.0,5.960464477539063e-08
speed,LSTM_Reference,2,30,0.0,5.960464477539063e-08
speed,LSTM_Reference,3,4,0.0,5.960464477539063e-08
speed,LSTM_Reference,3,5,0.0,5.960464477539063e-08
speed,LSTM_Reference,3,10,0.0,5.960464477539063e-08
speed,LSTM_Reference,3,20,0.0,5.960464477539063e-08
speed,LSTM_Reference,3,30,0.0,5.960464477539063e-08
speed,LSTM_Reference,4,5,0.0,5.960464477539063e-08
speed,LSTM_Reference,4,10,0.0,5.960464477539063e-08
speed,LSTM_Reference,4,20,0.0,5.960464477539063e-08
speed,LSTM_Reference,4,30,0.0,5.960464477539063e-08
speed,LSTM_Reference,5,10,0.0,5.960464477539063e-08
speed,LSTM_Reference,5,20,0.0,5.960464477539063e-08
speed,LSTM_Reference,5,30,0.0,5.960464477539063e-08
speed,LSTM_Reference,10,20,0.0,5.960464477539063e-08
speed,LSTM_Reference,10,30,0.0,5.960464477539063e-08
speed,LSTM_Reference,20,30,0.0,5.960464477539063e-08
speed,LSTM_Third,2,3,0.0,5.960464477539063e-08
speed,LSTM_Third,2,4,0.0,5.960464477539063e-08
speed,LSTM_Third,2,5,0.0,5.960464477539063e-08
speed,LSTM_Third,2,10,0.0,5.960464477539063e-08
speed,LSTM_Third,2,20,0.0,5.960464477539063e-08
speed,LSTM_Third,2,30,0.0,5.960464477539063e-08
speed,LSTM_Third,3,4,0.0,5.960464477539063e-08
speed,LSTM_Third,3,5,0.0,5.960464477539063e-08
speed,LSTM_Third,3,10,0.0,5.960464477539063e-08
speed,LSTM_Third,3,20,0.0,5.960464477539063e-08
speed,LSTM_Third,3,30,0.0,5.960464477539063e-08
speed,LSTM_Third,4,5,0.0,5.960464477539063e-08
speed,LSTM_Third,4,10,0.0,5.960464477539063e-08
speed,LSTM_Third,4,20,0.0,5.960464477539063e-08
speed,LSTM_Third,4,30,0.0,5.960464477539063e-08
speed,LSTM_Third,5,10,0.0,5.960464477539063e-08
speed,LSTM_Third,5,20,0.0,5.960464477539063e-08
speed,LSTM_Third,5,30,0.0,5.960464477539063e-08
speed,LSTM_Third,10,20,0.0,5.960464477539063e-08
speed,LSTM_Third,10,30,0.0,5.960464477539063e-08
speed,LSTM_Third,20,30,0.0,5.960464477539063e-08
speed,LSTM_Twice,2,3,25.0,5.3882598876953125e-05
speed,LSTM_Twice,2,4,25.0,5.3882598876953125e-05
speed,LSTM_Twice,2,5,25.0,5.3882598876953125e-05
speed,LSTM_Twice,2,10,0.0,5.960464477539063e-08
speed,LSTM_Twice,2,20,0.0,5.960464477539063e-08
speed,LSTM_Twice,2,30,0.0,5.960464477539063e-08
speed,LSTM_Twice,3,4,0.0,5.960464477539063e-08
speed,LSTM_Twice,3,5,0.0,5.960464477539063e-08
speed,LSTM_Twice,3,10,0.0,5.960464477539063e-08
speed,LSTM_Twice,3,20,0.0,5.960464477539063e-08
speed,LSTM_Twice,3,30,0.0,5.960464477539063e-08
speed,LSTM_Twice,4,5,0.0,5.960464477539063e-08
speed,LSTM_Twice,4,10,0.0,5.960464477539063e-08
speed,LSTM_Twice,4,20,0.0,5.960464477539063e-08
speed,LSTM_Twice,4,30,0.0,5.960464477539063e-08
speed,LSTM_Twice,5,10,0.0,5.960464477539063e-08
speed,LSTM_Twice,5,20,0.0,5.960464477539063e-08
speed,LSTM_Twice,5,30,0.0,5.960464477539063e-08
speed,LSTM_Twice,10,20,0.0,5.960464477539063e-08
speed,LSTM_Twice,10,30,0.0,5.960464477539063e-08
speed,LSTM_Twice,20,30,0.0,5.960464477539063e-08
speed,RNN_Linear,2,3,0.0,5.960464477539063e-08
speed,RNN_Linear,2,4,0.0,5.960464477539063e-08
speed,RNN_Linear,2,5,0.0,5.960464477539063e-08
speed,RNN_Linear,2,10,0.0,5.960464477539063e-08
speed,RNN_Linear,2,20,0.0,5.960464477539063e-08
speed,RNN_Linear,2,30,0.0,5.960464477539063e-08
speed,RNN_Linear,3,4,0.0,5.960464477539063e-08
speed,RNN_Linear,3,5,0.0,5.960464477539063e-08
speed,RNN_Linear,3,10,0.0,5.960464477539063e-08
speed,RNN_Linear,3,20,0.0,5.960464477539063e-08
speed,RNN_Linear,3,30,0.0,5.960464477539063e-08
speed,RNN_Linear,4,5,2.0,1.7881393432617188e-07
speed,RNN_Linear,4,10,0.0,5.960464477539063e-08
speed,RNN_Linear,4,20,0.0,5.960464477539063e-08
speed,RNN_Linear,4,30,0.0,5.960464477539063e-08
speed,RNN_Linear,5,10,0.0,5.960464477539063e-08
speed,RNN_Linear,5,20,0.0,5.960464477539063e-08
speed,RNN_Linear,5,30,0.0,5.960464477539063e-08
speed,RNN_Linear,10,20,0.0,5.960464477539063e-08
speed,RNN_Linear,10,30,0.0,5.960464477539063e-08
speed,RNN_Linear,20,30,5.0,5.960464477539062e-07
speed,RNN_Reference,2,3,0.0,5.960464477539063e-08
speed,RNN_Reference,2,4,0.0,5.960464477539063e-08
speed,RNN_Reference,2,5,0.0,5.960464477539063e-08
speed,RNN_Reference,2,10,0.0,5.960464477539063e-08
speed,RNN_Reference,2,20,0.0,5.960464477539063e-08
speed,RNN_Reference,2,30,0.0,5.960464477539063e-08
speed,RNN_Reference,3,4,0.0,5.960464477539063e-08
speed,RNN_Reference,3,5,0.0,5.960464477539063e-08
speed,RNN_Reference,3,10,0.0,5.960464477539063e-08
speed,RNN_Reference,3,20,0.0,5.960464477539063e-08
speed,RNN_Reference,3,30,0.0,5.960464477539063e-08
speed,RNN_Reference,4,5,0.0,5.960464477539063e-08
speed,RNN_Reference,4,10,0.0,5.960464477539063e-08
speed,RNN_Reference,4,20,0.0,5.960464477539063e-08
speed,RNN_Reference,4,30,0.0,5.960464477539063e-08
speed,RNN_Reference,5,10,0.0,5.960464477539063e-08
speed,RNN_Reference,5,20,0.0,5.960464477539063e-08
speed,RNN_Reference,5,30,0.0,5.960464477539063e-08
speed,RNN_Reference,10,20,0.0,5.960464477539063e-08
speed,RNN_Reference,10,30,0.0,5.960464477539063e-08
speed,RNN_Reference,20,30,0.0,5.960464477539063e-08
speed,RNN_Third,2,3,0.0,5.960464477539063e-08
speed,RNN_Third,2,4,0.0,5.960464477539063e-08
speed,RNN_Third,2,5,0.0,5.960464477539063e-08
speed,RNN_Third,2,10,0.0,5.960464477539063e-08
speed,RNN_Third,2,20,0.0,5.960464477539063e-08
speed,RNN_Third,2,30,0.0,5.960464477539063e-08
speed,RNN_Third,3,4,0.0,5.960464477539063e-08
speed,RNN_Third,3,5,0.0,5.960464477539063e-08
speed,RNN_Third,3,10,0.0,5.960464477539063e-08
speed,RNN_Third,3,20,0.0,5.960464477539063e-08
speed,RNN_Third,3,30,0.0,5.960464477539063e-08
speed,RNN_Third,4,5,0.0,5.960464477539063e-08
speed,RNN_Third,4,10,0.0,5.960464477539063e-08
speed,RNN_Third,4,20,0.0,5.960464477539063e-08
speed,RNN_Third,4,30,0.0,5.960464477539063e-08
speed,RNN_Third,5,10,0.0,5.960464477539063e-08
speed,RNN_Third,5,20,0.0,5.960464477539063e-08
speed,RNN_Third,5,30,0.0,5.960464477539063e-08
speed,RNN_Third,10,20,0.0,5.960464477539063e-08
speed,RNN_Third,10,30,0.0,5.960464477539063e-08
speed,RNN_Third,20,30,0.0,5.960464477539063e-08
speed,RNN_Twice,2,3,0.0,5.960464477539063e-08
speed,RNN_Twice,2,4,0.0,5.960464477539063e-08
speed,RNN_Twice,2,5,0.0,5.960464477539063e-08
speed,RNN_Twice,2,10,0.0,5.960464477539063e-08
speed,RNN_Twice,2,20,0.0,5.960464477539063e-08
speed,RNN_Twice,2,30,0.0,5.960464477539063e-08
speed,RNN_Twice,3,4,0.0,5.960464477539063e-08
speed,RNN_Twice,3,5,0.0,5.960464477539063e-08
speed,RNN_Twice,3,10,0.0,5.960464477539063e-08
speed,RNN_Twice,3,20,0.0,5.960464477539063e-08
speed,RNN_Twice,3,30,0.0,5.960464477539063e-08
speed,RNN_Twice,4,5,0.0,5.960464477539063e-08
speed,RNN_Twice,4,10,0.0,5.960464477539063e-08
speed,RNN_Twice,4,20,0.0,5.960464477539063e-08
speed,RNN_Twice,4,30,0.0,5.960464477539063e-08
speed,RNN_Twice,5,10,0.0,5.960464477539063e-08
speed,RNN_Twice,5,20,0.0,5.960464477539063e-08
speed,RNN_Twice,5,30,0.0,5.960464477539063e-08
speed,RNN_Twice,10,20,0.0,5.960464477539063e-08
speed,RNN_Twice,10,30,0.0,5.960464477539063e-08
speed,RNN_Twice,20,30,0.0,5.960464477539063e-08
speed,UniTS,2,3,0.0,5.960464477539063e-08
speed,UniTS,2,4,0.0,5.960464477539063e-08
speed,UniTS,2,5,0.0,5.960464477539063e-08
speed,UniTS,2,10,0.0,5.960464477539063e-08
speed,UniTS,2,20,0.0,5.960464477539063e-08
speed,UniTS,2,30,0.0,5.960464477539063e-08
speed,UniTS,3,4,0.0,5.960464477539063e-08
speed,UniTS,3,5,0.0,5.960464477539063e-08
speed,UniTS,3,10,0.0,5.960464477539063e-08
speed,UniTS,3,20,0.0,5.960464477539063e-08
speed,UniTS,3,30,0.0,5.960464477539063e-08
speed,UniTS,4,5,0.0,5.960464477539063e-08
speed,UniTS,4,10,0.0,5.960464477539063e-08
speed,UniTS,4,20,0.0,5.960464477539063e-08
speed,UniTS,4,30,0.0,5.960464477539063e-08
speed,UniTS,5,10,0.0,5.960464477539063e-08
speed,UniTS,5,20,0.0,5.960464477539063e-08
speed,UniTS,5,30,0.0,5.960464477539063e-08
speed,UniTS,10,20,0.0,5.960464477539063e-08
speed,UniTS,10,30,0.0,5.960464477539063e-08
speed,UniTS,20,30,0.0,5.960464477539063e-08
